"../../../Engine/Content/EditorResources/S_Actor.ubulk" 0
"../../../Engine/Content/EditorResources/S_Actor.uasset" 1
"../../../Engine/Content/EditorResources/S_Actor.uexp" 2
"../../../Engine/Content/EditorResources/S_BoxReflectionCapture.uasset" 3
"../../../Engine/Content/EditorResources/S_BoxReflectionCapture.uexp" 4
"../../../Engine/Content/EngineResources/DefaultTextureCube.uasset" 5
"../../../Engine/Content/EngineResources/DefaultTextureCube.uexp" 6
"../../../Engine/Content/EngineResources/DefaultVolumeTexture2D.uasset" 7
"../../../Engine/Content/EngineResources/DefaultVolumeTexture2D.uexp" 8
"../../../Engine/Content/EngineResources/DefaultVolumeTexture.uasset" 9
"../../../Engine/Content/EngineResources/DefaultVolumeTexture.uexp" 10
"../../../Engine/Content/EditorResources/S_Trigger.ubulk" 11
"../../../Engine/Content/EditorResources/S_Trigger.uasset" 12
"../../../Engine/Content/EditorResources/S_Trigger.uexp" 13
"../../../Engine/Content/EditorResources/S_TriggerBox.uasset" 14
"../../../Engine/Content/EditorResources/S_TriggerBox.uexp" 15
"../../../Engine/Content/EditorResources/S_TriggerCapsule.uasset" 16
"../../../Engine/Content/EditorResources/S_TriggerCapsule.uexp" 17
"../../../Engine/Content/EditorResources/S_TriggerSphere.uasset" 18
"../../../Engine/Content/EditorResources/S_TriggerSphere.uexp" 19
"../../../Engine/Content/EngineMeshes/Sphere.ubulk" 20
"../../../Engine/Content/EngineMeshes/Sphere.uasset" 21
"../../../Engine/Content/EngineMeshes/Sphere.uexp" 22
"../../../Engine/Content/EngineResources/GradientTexture0.uasset" 23
"../../../Engine/Content/EngineResources/GradientTexture0.uexp" 24
"../../../Engine/Content/VREditor/LaserPointer/VR_LaserPower_01.ubulk" 25
"../../../Engine/Content/VREditor/LaserPointer/VR_LaserPower_01.uasset" 26
"../../../Engine/Content/VREditor/LaserPointer/VR_LaserPower_01.uexp" 27
"../../../Engine/Content/VREditor/TransformGizmo/TransformGizmoMaterial.uasset" 28
"../../../Engine/Content/VREditor/TransformGizmo/TransformGizmoMaterial.uexp" 29
"../../../Engine/Content/VREditor/TransformGizmo/TranslucentTransformGizmoMaterial.uasset" 30
"../../../Engine/Content/VREditor/TransformGizmo/TranslucentTransformGizmoMaterial.uexp" 31
"../../../Engine/Content/VREditor/TransformGizmo/BoundingBoxCorner.ubulk" 32
"../../../Engine/Content/VREditor/TransformGizmo/BoundingBoxCorner.uasset" 33
"../../../Engine/Content/VREditor/TransformGizmo/BoundingBoxCorner.uexp" 34
"../../../Engine/Content/VREditor/TransformGizmo/BoundingBoxEdge.ubulk" 35
"../../../Engine/Content/VREditor/TransformGizmo/BoundingBoxEdge.uasset" 36
"../../../Engine/Content/VREditor/TransformGizmo/BoundingBoxEdge.uexp" 37
"../../../Engine/Content/VREditor/TransformGizmo/Main.uasset" 38
"../../../Engine/Content/VREditor/TransformGizmo/Main.uexp" 39
"../../../Engine/Content/VREditor/TransformGizmo/Xray.uasset" 40
"../../../Engine/Content/VREditor/TransformGizmo/Xray.uexp" 41
"../../../Engine/Content/VREditor/TransformGizmo/SM_Sequencer_Node.ubulk" 42
"../../../Engine/Content/VREditor/TransformGizmo/SM_Sequencer_Node.uasset" 43
"../../../Engine/Content/VREditor/TransformGizmo/SM_Sequencer_Node.uexp" 44
"../../../Engine/Content/EditorResources/S_Solver.ubulk" 45
"../../../Engine/Content/EditorResources/S_Solver.uasset" 46
"../../../Engine/Content/EditorResources/S_Solver.uexp" 47
"../../../Engine/Content/EditorMaterials/Camera/CineMat.uasset" 48
"../../../Engine/Content/EditorMaterials/Camera/CineMat.uexp" 49
"../../../Engine/Content/EditorMaterials/Camera/MI_CineMat_Rig.uasset" 50
"../../../Engine/Content/EditorMaterials/Camera/MI_CineMat_Rig.uexp" 51
"../../../Engine/Content/EditorMeshes/Camera/SM_CraneRig_Base.ubulk" 52
"../../../Engine/Content/EditorMeshes/Camera/SM_CraneRig_Base.uasset" 53
"../../../Engine/Content/EditorMeshes/Camera/SM_CraneRig_Base.uexp" 54
"../../../Engine/Content/EditorMeshes/Camera/SM_CraneRig_Arm.ubulk" 55
"../../../Engine/Content/EditorMeshes/Camera/SM_CraneRig_Arm.uasset" 56
"../../../Engine/Content/EditorMeshes/Camera/SM_CraneRig_Arm.uexp" 57
"../../../Engine/Content/EditorMeshes/Camera/SM_CraneRig_Mount.ubulk" 58
"../../../Engine/Content/EditorMeshes/Camera/SM_CraneRig_Mount.uasset" 59
"../../../Engine/Content/EditorMeshes/Camera/SM_CraneRig_Mount.uexp" 60
"../../../Engine/Content/EditorMeshes/Camera/SM_CraneRig_Body.ubulk" 61
"../../../Engine/Content/EditorMeshes/Camera/SM_CraneRig_Body.uasset" 62
"../../../Engine/Content/EditorMeshes/Camera/SM_CraneRig_Body.uexp" 63
"../../../Engine/Content/EditorMeshes/Camera/SM_RailRig_Track.ubulk" 64
"../../../Engine/Content/EditorMeshes/Camera/SM_RailRig_Track.uasset" 65
"../../../Engine/Content/EditorMeshes/Camera/SM_RailRig_Track.uexp" 66
"../../../Engine/Content/EditorMeshes/Camera/SM_RailRig_Mount.ubulk" 67
"../../../Engine/Content/EditorMeshes/Camera/SM_RailRig_Mount.uasset" 68
"../../../Engine/Content/EditorMeshes/Camera/SM_RailRig_Mount.uexp" 69
"../../../Engine/Content/EngineMaterials/T_Default_Material_Grid_M.ubulk" 70
"../../../Engine/Content/EngineMaterials/T_Default_Material_Grid_M.uasset" 71
"../../../Engine/Content/EngineMaterials/T_Default_Material_Grid_M.uexp" 72
"../../../Engine/Content/EngineMaterials/T_Default_Material_Grid_N.ubulk" 73
"../../../Engine/Content/EngineMaterials/T_Default_Material_Grid_N.uasset" 74
"../../../Engine/Content/EngineMaterials/T_Default_Material_Grid_N.uexp" 75
"../../../Engine/Content/Functions/Engine_MaterialFunctions01/Opacity/CameraDepthFade.uasset" 76
"../../../Engine/Content/Functions/Engine_MaterialFunctions01/Opacity/CameraDepthFade.uexp" 77
"../../../Engine/Content/EngineMaterials/WorldGridMaterial.uasset" 78
"../../../Engine/Content/EngineMaterials/WorldGridMaterial.uexp" 79
"../../../Engine/Content/ArtTools/RenderToTexture/Meshes/S_1_Unit_Plane.ubulk" 80
"../../../Engine/Content/ArtTools/RenderToTexture/Meshes/S_1_Unit_Plane.uasset" 81
"../../../Engine/Content/ArtTools/RenderToTexture/Meshes/S_1_Unit_Plane.uexp" 82
"../../../Engine/Content/EditorMaterials/ParticleSystems/PSysThumbnail_NoImage.ubulk" 83
"../../../Engine/Content/EditorMaterials/ParticleSystems/PSysThumbnail_NoImage.uasset" 84
"../../../Engine/Content/EditorMaterials/ParticleSystems/PSysThumbnail_NoImage.uexp" 85
"../../../Engine/Content/EditorMaterials/ParticleSystems/PSysThumbnail_OOD.ubulk" 86
"../../../Engine/Content/EditorMaterials/ParticleSystems/PSysThumbnail_OOD.uasset" 87
"../../../Engine/Content/EditorMaterials/ParticleSystems/PSysThumbnail_OOD.uexp" 88
"../../../Engine/Content/EditorLandscapeResources/SplineEditorMeshMat.uasset" 89
"../../../Engine/Content/EditorLandscapeResources/SplineEditorMeshMat.uexp" 90
"../../../Engine/Content/EditorLandscapeResources/SplineEditorMesh.ubulk" 91
"../../../Engine/Content/EditorLandscapeResources/SplineEditorMesh.uasset" 92
"../../../Engine/Content/EditorLandscapeResources/SplineEditorMesh.uexp" 93
"../../../Engine/Content/EngineMaterials/DefaultMaterial.uasset" 94
"../../../Engine/Content/EngineMaterials/DefaultMaterial.uexp" 95
"../../../Engine/Content/BasicShapes/Sphere.ubulk" 96
"../../../Engine/Content/BasicShapes/Sphere.uasset" 97
"../../../Engine/Content/BasicShapes/Sphere.uexp" 98
"../../../Engine/Plugins/Media/MediaPlate/Content/SM_MediaPlateScreen.ubulk" 99
"../../../Engine/Plugins/Media/MediaPlate/Content/SM_MediaPlateScreen.uasset" 100
"../../../Engine/Plugins/Media/MediaPlate/Content/SM_MediaPlateScreen.uexp" 101
"../../../Engine/Content/EditorMaterials/AssetViewer/EpicQuadPanorama_CC+EV1.uasset" 102
"../../../Engine/Content/EditorMaterials/AssetViewer/EpicQuadPanorama_CC+EV1.uexp" 103
"../../../Engine/Content/EditorResources/S_Terrain.ubulk" 104
"../../../Engine/Content/EditorResources/S_Terrain.uasset" 105
"../../../Engine/Content/EditorResources/S_Terrain.uexp" 106
"../../../Engine/Content/EngineMaterials/BaseFlattenNormalMap.uasset" 107
"../../../Engine/Content/EngineMaterials/BaseFlattenNormalMap.uexp" 108
"../../../Engine/Content/EngineResources/Black.uasset" 109
"../../../Engine/Content/EngineResources/Black.uexp" 110
"../../../Engine/Plugins/Runtime/OpenXR/Content/Devices/M_XRController.uasset" 111
"../../../Engine/Plugins/Runtime/OpenXR/Content/Devices/M_XRController.uexp" 112
"../../../Engine/Plugins/Runtime/OpenXR/Content/Devices/HTCVive/BaseTexture.ubulk" 113
"../../../Engine/Plugins/Runtime/OpenXR/Content/Devices/HTCVive/BaseTexture.uasset" 114
"../../../Engine/Plugins/Runtime/OpenXR/Content/Devices/HTCVive/BaseTexture.uexp" 115
"../../../Engine/Plugins/Runtime/OpenXR/Content/Devices/HTCVive/MI_HTCVive.uasset" 116
"../../../Engine/Plugins/Runtime/OpenXR/Content/Devices/HTCVive/MI_HTCVive.uexp" 117
"../../../Engine/Plugins/Runtime/OpenXR/Content/Devices/HTCVive/HTCViveController.ubulk" 118
"../../../Engine/Plugins/Runtime/OpenXR/Content/Devices/HTCVive/HTCViveController.uasset" 119
"../../../Engine/Plugins/Runtime/OpenXR/Content/Devices/HTCVive/HTCViveController.uexp" 120
"../../../Engine/Plugins/Runtime/OpenXR/Content/Devices/MicrosoftMixedReality/NormalTexture.ubulk" 121
"../../../Engine/Plugins/Runtime/OpenXR/Content/Devices/MicrosoftMixedReality/NormalTexture.uasset" 122
"../../../Engine/Plugins/Runtime/OpenXR/Content/Devices/MicrosoftMixedReality/NormalTexture.uexp" 123
"../../../Engine/Plugins/Runtime/OpenXR/Content/Devices/MicrosoftMixedReality/EmissiveTexture.ubulk" 124
"../../../Engine/Plugins/Runtime/OpenXR/Content/Devices/MicrosoftMixedReality/EmissiveTexture.uasset" 125
"../../../Engine/Plugins/Runtime/OpenXR/Content/Devices/MicrosoftMixedReality/EmissiveTexture.uexp" 126
"../../../Engine/Plugins/Runtime/OpenXR/Content/Devices/MicrosoftMixedReality/BaseTexture.ubulk" 127
"../../../Engine/Plugins/Runtime/OpenXR/Content/Devices/MicrosoftMixedReality/BaseTexture.uasset" 128
"../../../Engine/Plugins/Runtime/OpenXR/Content/Devices/MicrosoftMixedReality/BaseTexture.uexp" 129
"../../../Engine/Plugins/Runtime/OpenXR/Content/Devices/MicrosoftMixedReality/MRTexture.ubulk" 130
"../../../Engine/Plugins/Runtime/OpenXR/Content/Devices/MicrosoftMixedReality/MRTexture.uasset" 131
"../../../Engine/Plugins/Runtime/OpenXR/Content/Devices/MicrosoftMixedReality/MRTexture.uexp" 132
"../../../Engine/Plugins/Runtime/OpenXR/Content/Devices/MicrosoftMixedReality/MI_MicrosoftMixedReality.uasset" 133
"../../../Engine/Plugins/Runtime/OpenXR/Content/Devices/MicrosoftMixedReality/MI_MicrosoftMixedReality.uexp" 134
"../../../Engine/Plugins/Runtime/OpenXR/Content/Devices/MicrosoftMixedReality/Left/left_MicrosoftMixedRealityController.ubulk" 135
"../../../Engine/Plugins/Runtime/OpenXR/Content/Devices/MicrosoftMixedReality/Left/left_MicrosoftMixedRealityController.uasset" 136
"../../../Engine/Plugins/Runtime/OpenXR/Content/Devices/MicrosoftMixedReality/Left/left_MicrosoftMixedRealityController.uexp" 137
"../../../Engine/Plugins/Runtime/OpenXR/Content/Devices/MicrosoftMixedReality/Right/right_MicrosoftMixedRealityController.ubulk" 138
"../../../Engine/Plugins/Runtime/OpenXR/Content/Devices/MicrosoftMixedReality/Right/right_MicrosoftMixedRealityController.uasset" 139
"../../../Engine/Plugins/Runtime/OpenXR/Content/Devices/MicrosoftMixedReality/Right/right_MicrosoftMixedRealityController.uexp" 140
"../../../Engine/Plugins/Runtime/OpenXR/Content/Devices/OculusGo/BaseTexture.ubulk" 141
"../../../Engine/Plugins/Runtime/OpenXR/Content/Devices/OculusGo/BaseTexture.uasset" 142
"../../../Engine/Plugins/Runtime/OpenXR/Content/Devices/OculusGo/BaseTexture.uexp" 143
"../../../Engine/Plugins/Runtime/OpenXR/Content/Devices/OculusGo/MI_OculusGo.uasset" 144
"../../../Engine/Plugins/Runtime/OpenXR/Content/Devices/OculusGo/MI_OculusGo.uexp" 145
"../../../Engine/Plugins/Runtime/OpenXR/Content/Devices/OculusGo/OculusGoController.ubulk" 146
"../../../Engine/Plugins/Runtime/OpenXR/Content/Devices/OculusGo/OculusGoController.uasset" 147
"../../../Engine/Plugins/Runtime/OpenXR/Content/Devices/OculusGo/OculusGoController.uexp" 148
"../../../Engine/Plugins/Runtime/OpenXR/Content/Devices/OculusTouch/BaseTexture.ubulk" 149
"../../../Engine/Plugins/Runtime/OpenXR/Content/Devices/OculusTouch/BaseTexture.uasset" 150
"../../../Engine/Plugins/Runtime/OpenXR/Content/Devices/OculusTouch/BaseTexture.uexp" 151
"../../../Engine/Plugins/Runtime/OpenXR/Content/Devices/OculusTouch/MRTexture.ubulk" 152
"../../../Engine/Plugins/Runtime/OpenXR/Content/Devices/OculusTouch/MRTexture.uasset" 153
"../../../Engine/Plugins/Runtime/OpenXR/Content/Devices/OculusTouch/MRTexture.uexp" 154
"../../../Engine/Plugins/Runtime/OpenXR/Content/Devices/OculusTouch/MI_OculusTouch.uasset" 155
"../../../Engine/Plugins/Runtime/OpenXR/Content/Devices/OculusTouch/MI_OculusTouch.uexp" 156
"../../../Engine/Plugins/Runtime/OpenXR/Content/Devices/OculusTouch/Left/left_OculusTouchController.ubulk" 157
"../../../Engine/Plugins/Runtime/OpenXR/Content/Devices/OculusTouch/Left/left_OculusTouchController.uasset" 158
"../../../Engine/Plugins/Runtime/OpenXR/Content/Devices/OculusTouch/Left/left_OculusTouchController.uexp" 159
"../../../Engine/Plugins/Runtime/OpenXR/Content/Devices/OculusTouch/Right/right_OculusTouchController.ubulk" 160
"../../../Engine/Plugins/Runtime/OpenXR/Content/Devices/OculusTouch/Right/right_OculusTouchController.uasset" 161
"../../../Engine/Plugins/Runtime/OpenXR/Content/Devices/OculusTouch/Right/right_OculusTouchController.uexp" 162
"../../../Engine/Plugins/Runtime/OpenXR/Content/Devices/ValveIndex/MRTexture.ubulk" 163
"../../../Engine/Plugins/Runtime/OpenXR/Content/Devices/ValveIndex/MRTexture.uasset" 164
"../../../Engine/Plugins/Runtime/OpenXR/Content/Devices/ValveIndex/MRTexture.uexp" 165
"../../../Engine/Plugins/Runtime/OpenXR/Content/Devices/ValveIndex/BaseTexture.ubulk" 166
"../../../Engine/Plugins/Runtime/OpenXR/Content/Devices/ValveIndex/BaseTexture.uasset" 167
"../../../Engine/Plugins/Runtime/OpenXR/Content/Devices/ValveIndex/BaseTexture.uexp" 168
"../../../Engine/Plugins/Runtime/OpenXR/Content/Devices/ValveIndex/Left/MI_left_ValveIndex.uasset" 169
"../../../Engine/Plugins/Runtime/OpenXR/Content/Devices/ValveIndex/Left/MI_left_ValveIndex.uexp" 170
"../../../Engine/Plugins/Runtime/OpenXR/Content/Devices/ValveIndex/Left/left_ValveIndexController.ubulk" 171
"../../../Engine/Plugins/Runtime/OpenXR/Content/Devices/ValveIndex/Left/left_ValveIndexController.uasset" 172
"../../../Engine/Plugins/Runtime/OpenXR/Content/Devices/ValveIndex/Left/left_ValveIndexController.uexp" 173
"../../../Engine/Plugins/Runtime/OpenXR/Content/Devices/ValveIndex/Right/MI_right_ValveIndex.uasset" 174
"../../../Engine/Plugins/Runtime/OpenXR/Content/Devices/ValveIndex/Right/MI_right_ValveIndex.uexp" 175
"../../../Engine/Plugins/Runtime/OpenXR/Content/Devices/ValveIndex/Right/right_ValveIndexController.ubulk" 176
"../../../Engine/Plugins/Runtime/OpenXR/Content/Devices/ValveIndex/Right/right_ValveIndexController.uasset" 177
"../../../Engine/Plugins/Runtime/OpenXR/Content/Devices/ValveIndex/Right/right_ValveIndexController.uexp" 178
"../../../Engine/Plugins/Runtime/OpenXR/Content/Devices/OculusTouch_v2/BaseTexture.ubulk" 179
"../../../Engine/Plugins/Runtime/OpenXR/Content/Devices/OculusTouch_v2/BaseTexture.uasset" 180
"../../../Engine/Plugins/Runtime/OpenXR/Content/Devices/OculusTouch_v2/BaseTexture.uexp" 181
"../../../Engine/Plugins/Runtime/OpenXR/Content/Devices/OculusTouch_v2/MRTexture.ubulk" 182
"../../../Engine/Plugins/Runtime/OpenXR/Content/Devices/OculusTouch_v2/MRTexture.uasset" 183
"../../../Engine/Plugins/Runtime/OpenXR/Content/Devices/OculusTouch_v2/MRTexture.uexp" 184
"../../../Engine/Plugins/Runtime/OpenXR/Content/Devices/OculusTouch_v2/MI_OculusTouch_v2.uasset" 185
"../../../Engine/Plugins/Runtime/OpenXR/Content/Devices/OculusTouch_v2/MI_OculusTouch_v2.uexp" 186
"../../../Engine/Plugins/Runtime/OpenXR/Content/Devices/OculusTouch_v2/Left/left_OculusTouch_v2Controller.ubulk" 187
"../../../Engine/Plugins/Runtime/OpenXR/Content/Devices/OculusTouch_v2/Left/left_OculusTouch_v2Controller.uasset" 188
"../../../Engine/Plugins/Runtime/OpenXR/Content/Devices/OculusTouch_v2/Left/left_OculusTouch_v2Controller.uexp" 189
"../../../Engine/Plugins/Runtime/OpenXR/Content/Devices/OculusTouch_v2/Right/right_OculusTouch_v2Controller.ubulk" 190
"../../../Engine/Plugins/Runtime/OpenXR/Content/Devices/OculusTouch_v2/Right/right_OculusTouch_v2Controller.uasset" 191
"../../../Engine/Plugins/Runtime/OpenXR/Content/Devices/OculusTouch_v2/Right/right_OculusTouch_v2Controller.uexp" 192
"../../../Engine/Plugins/Runtime/OpenXR/Content/Devices/OculusTouch_v3/MRTexture.ubulk" 193
"../../../Engine/Plugins/Runtime/OpenXR/Content/Devices/OculusTouch_v3/MRTexture.uasset" 194
"../../../Engine/Plugins/Runtime/OpenXR/Content/Devices/OculusTouch_v3/MRTexture.uexp" 195
"../../../Engine/Plugins/Runtime/OpenXR/Content/Devices/OculusTouch_v3/BaseTexture.ubulk" 196
"../../../Engine/Plugins/Runtime/OpenXR/Content/Devices/OculusTouch_v3/BaseTexture.uasset" 197
"../../../Engine/Plugins/Runtime/OpenXR/Content/Devices/OculusTouch_v3/BaseTexture.uexp" 198
"../../../Engine/Plugins/Runtime/OpenXR/Content/Devices/OculusTouch_v3/MI_OculusTouch_v3.uasset" 199
"../../../Engine/Plugins/Runtime/OpenXR/Content/Devices/OculusTouch_v3/MI_OculusTouch_v3.uexp" 200
"../../../Engine/Plugins/Runtime/OpenXR/Content/Devices/OculusTouch_v3/Left/left_OculusTouch_v3Controller.ubulk" 201
"../../../Engine/Plugins/Runtime/OpenXR/Content/Devices/OculusTouch_v3/Left/left_OculusTouch_v3Controller.uasset" 202
"../../../Engine/Plugins/Runtime/OpenXR/Content/Devices/OculusTouch_v3/Left/left_OculusTouch_v3Controller.uexp" 203
"../../../Engine/Plugins/Runtime/OpenXR/Content/Devices/OculusTouch_v3/Right/right_OculusTouch_v3Controller.ubulk" 204
"../../../Engine/Plugins/Runtime/OpenXR/Content/Devices/OculusTouch_v3/Right/right_OculusTouch_v3Controller.uasset" 205
"../../../Engine/Plugins/Runtime/OpenXR/Content/Devices/OculusTouch_v3/Right/right_OculusTouch_v3Controller.uexp" 206
"../../../Engine/Content/EngineMaterials/DefaultBokeh.uasset" 207
"../../../Engine/Content/EngineMaterials/DefaultBokeh.uexp" 208
"../../../Engine/Content/EngineMaterials/MiniFont.uasset" 209
"../../../Engine/Content/EngineMaterials/MiniFont.uexp" 210
"../../../Engine/Content/EngineMaterials/DefaultWhiteGrid.ubulk" 211
"../../../Engine/Content/EngineMaterials/DefaultWhiteGrid.uasset" 212
"../../../Engine/Content/EngineMaterials/DefaultWhiteGrid.uexp" 213
"../../../Engine/Content/EngineMaterials/PreintegratedSkinBRDF.uasset" 214
"../../../Engine/Content/EngineMaterials/PreintegratedSkinBRDF.uexp" 215
"../../../Engine/Plugins/FX/NiagaraFluids/Content/NDC_Grid3D_Gas.uasset" 216
"../../../Engine/Plugins/FX/NiagaraFluids/Content/NDC_Grid3D_Gas.uexp" 217
"../../../Engine/Content/Functions/Engine_MaterialFunctions02/WorldPositionOffset/CameraOffset.uasset" 218
"../../../Engine/Content/Functions/Engine_MaterialFunctions02/WorldPositionOffset/CameraOffset.uexp" 219
"../../../Engine/Plugins/Animation/ControlRig/Content/M_Manip.uasset" 220
"../../../Engine/Plugins/Animation/ControlRig/Content/M_Manip.uexp" 221
"../../../Engine/Plugins/Animation/ACLPlugin/Content/ACLAnimCurveCompressionSettings.uasset" 222
"../../../Engine/Plugins/Animation/ACLPlugin/Content/ACLAnimCurveCompressionSettings.uexp" 223
"../../../Engine/Plugins/Animation/ACLPlugin/Content/ACLAnimBoneCompressionSettings.uasset" 224
"../../../Engine/Plugins/Animation/ACLPlugin/Content/ACLAnimBoneCompressionSettings.uexp" 225
"../../../Engine/Plugins/2D/Paper2D/Content/PlaceholderTextures/DummySpriteTexture.ubulk" 226
"../../../Engine/Plugins/2D/Paper2D/Content/PlaceholderTextures/DummySpriteTexture.uasset" 227
"../../../Engine/Plugins/2D/Paper2D/Content/PlaceholderTextures/DummySpriteTexture.uexp" 228
"../../../Engine/Plugins/2D/Paper2D/Content/DefaultSpriteMaterial.uasset" 229
"../../../Engine/Plugins/2D/Paper2D/Content/DefaultSpriteMaterial.uexp" 230
"../../../Engine/Plugins/2D/Paper2D/Content/OpaqueUnlitSpriteMaterial.uasset" 231
"../../../Engine/Plugins/2D/Paper2D/Content/OpaqueUnlitSpriteMaterial.uexp" 232
"../../../Engine/Plugins/2D/Paper2D/Content/MaskedUnlitSpriteMaterial.uasset" 233
"../../../Engine/Plugins/2D/Paper2D/Content/MaskedUnlitSpriteMaterial.uexp" 234
"../../../Engine/Plugins/2D/Paper2D/Content/DummySprite.uasset" 235
"../../../Engine/Plugins/2D/Paper2D/Content/DummySprite.uexp" 236
"../../../Engine/Plugins/2D/Paper2D/Content/DefaultPaperTerrainMaterial.uasset" 237
"../../../Engine/Plugins/2D/Paper2D/Content/DefaultPaperTerrainMaterial.uexp" 238
"../../../Engine/Plugins/Runtime/MeshModelingToolset/Content/Materials/M_DynamicMeshComponentVtxColor.uasset" 239
"../../../Engine/Plugins/Runtime/MeshModelingToolset/Content/Materials/M_DynamicMeshComponentVtxColor.uexp" 240
"../../../Engine/Plugins/Interchange/Runtime/Content/Pipelines/DefaultTexturePipeline.uasset" 241
"../../../Engine/Plugins/Interchange/Runtime/Content/Pipelines/DefaultTexturePipeline.uexp" 242
"../../../Engine/Plugins/Interchange/Runtime/Content/Pipelines/DefaultSceneLevelPipeline.uasset" 243
"../../../Engine/Plugins/Interchange/Runtime/Content/Pipelines/DefaultSceneLevelPipeline.uexp" 244
"../../../Engine/Plugins/Interchange/Runtime/Content/Pipelines/DefaultSceneAssetsPipeline.uasset" 245
"../../../Engine/Plugins/Interchange/Runtime/Content/Pipelines/DefaultSceneAssetsPipeline.uexp" 246
"../../../Engine/Plugins/Interchange/Runtime/Content/Pipelines/DefaultMaterialXPipeline.uasset" 247
"../../../Engine/Plugins/Interchange/Runtime/Content/Pipelines/DefaultMaterialXPipeline.uexp" 248
"../../../Engine/Plugins/Interchange/Runtime/Content/Pipelines/DefaultMaterialPipeline.uasset" 249
"../../../Engine/Plugins/Interchange/Runtime/Content/Pipelines/DefaultMaterialPipeline.uexp" 250
"../../../Engine/Plugins/Interchange/Runtime/Content/Pipelines/DefaultGLTFSceneAssetsPipeline.uasset" 251
"../../../Engine/Plugins/Interchange/Runtime/Content/Pipelines/DefaultGLTFSceneAssetsPipeline.uexp" 252
"../../../Engine/Plugins/Interchange/Runtime/Content/Pipelines/DefaultGLTFPipeline.uasset" 253
"../../../Engine/Plugins/Interchange/Runtime/Content/Pipelines/DefaultGLTFPipeline.uexp" 254
"../../../Engine/Plugins/Interchange/Runtime/Content/Pipelines/DefaultGLTFAssetsPipeline.uasset" 255
"../../../Engine/Plugins/Interchange/Runtime/Content/Pipelines/DefaultGLTFAssetsPipeline.uexp" 256
"../../../Engine/Plugins/Interchange/Runtime/Content/Pipelines/DefaultAssetsPipeline.uasset" 257
"../../../Engine/Plugins/Interchange/Runtime/Content/Pipelines/DefaultAssetsPipeline.uexp" 258
"../../../Engine/Plugins/Interchange/Runtime/Content/Functions/MX_UsdPreviewSurface.uasset" 259
"../../../Engine/Plugins/Interchange/Runtime/Content/Functions/MX_UsdPreviewSurface.uexp" 260
"../../../Engine/Plugins/Interchange/Runtime/Content/Functions/MX_UniformEDF.uasset" 261
"../../../Engine/Plugins/Interchange/Runtime/Content/Functions/MX_UniformEDF.uexp" 262
"../../../Engine/Plugins/Interchange/Runtime/Content/Functions/MX_TranslucentBSDF.uasset" 263
"../../../Engine/Plugins/Interchange/Runtime/Content/Functions/MX_TranslucentBSDF.uexp" 264
"../../../Engine/Plugins/Interchange/Runtime/Content/Functions/MX_ThinFilmBSDF.uasset" 265
"../../../Engine/Plugins/Interchange/Runtime/Content/Functions/MX_ThinFilmBSDF.uexp" 266
"../../../Engine/Plugins/Interchange/Runtime/Content/Functions/MX_SurfaceUnlit.uasset" 267
"../../../Engine/Plugins/Interchange/Runtime/Content/Functions/MX_SurfaceUnlit.uexp" 268
"../../../Engine/Plugins/Interchange/Runtime/Content/Functions/MX_Surface.uasset" 269
"../../../Engine/Plugins/Interchange/Runtime/Content/Functions/MX_Surface.uexp" 270
"../../../Engine/Plugins/Interchange/Runtime/Content/Functions/MX_SubsurfaceBSDF.uasset" 271
"../../../Engine/Plugins/Interchange/Runtime/Content/Functions/MX_SubsurfaceBSDF.uexp" 272
"../../../Engine/Plugins/Interchange/Runtime/Content/Functions/MX_SheenBSDF.uasset" 273
"../../../Engine/Plugins/Interchange/Runtime/Content/Functions/MX_SheenBSDF.uexp" 274
"../../../Engine/Plugins/Interchange/Runtime/Content/Functions/MX_OrenNayarBSDF.uasset" 275
"../../../Engine/Plugins/Interchange/Runtime/Content/Functions/MX_OrenNayarBSDF.uexp" 276
"../../../Engine/Content/Functions/Engine_MaterialFunctions02/Utility/CameraDirectionVector.uasset" 277
"../../../Engine/Content/Functions/Engine_MaterialFunctions02/Utility/CameraDirectionVector.uexp" 278
"../../../Engine/Content/Functions/Engine_MaterialFunctions01/Volumetrics/BeersLaw.uasset" 279
"../../../Engine/Content/Functions/Engine_MaterialFunctions01/Volumetrics/BeersLaw.uexp" 280
"../../../Engine/Content/EngineMaterials/Good64x64TilingNoiseHighFreq.uasset" 281
"../../../Engine/Content/EngineMaterials/Good64x64TilingNoiseHighFreq.uexp" 282
"../../../Engine/Content/Functions/Engine_MaterialFunctions02/Texturing/ScreenAlignedPixelToPixelUVs.uasset" 283
"../../../Engine/Content/Functions/Engine_MaterialFunctions02/Texturing/ScreenAlignedPixelToPixelUVs.uexp" 284
"../../../Engine/Plugins/Interchange/Runtime/Content/gltf/MaterialFunctions/MF_Temporal_Blur.uasset" 285
"../../../Engine/Plugins/Interchange/Runtime/Content/gltf/MaterialFunctions/MF_Temporal_Blur.uexp" 286
"../../../Engine/Plugins/Interchange/Runtime/Content/gltf/MaterialFunctions/MF_Fresnel_DS.uasset" 287
"../../../Engine/Plugins/Interchange/Runtime/Content/gltf/MaterialFunctions/MF_Fresnel_DS.uexp" 288
"../../../Engine/Content/Functions/Engine_MaterialFunctions02/Utility/BreakOutFloat3Components.uasset" 289
"../../../Engine/Content/Functions/Engine_MaterialFunctions02/Utility/BreakOutFloat3Components.uexp" 290
"../../../Engine/Plugins/Interchange/Runtime/Content/Functions/MX_Transmission.uasset" 291
"../../../Engine/Plugins/Interchange/Runtime/Content/Functions/MX_Transmission.uexp" 292
"../../../Engine/Plugins/Interchange/Runtime/Content/Functions/MF_OrenNayerView.uasset" 293
"../../../Engine/Plugins/Interchange/Runtime/Content/Functions/MF_OrenNayerView.uexp" 294
"../../../Engine/Plugins/Interchange/Runtime/Content/Functions/MF_SchlickApprox.uasset" 295
"../../../Engine/Plugins/Interchange/Runtime/Content/Functions/MF_SchlickApprox.uexp" 296
"../../../Engine/Plugins/Interchange/Runtime/Content/Utilities/New_LUT.uasset" 297
"../../../Engine/Plugins/Interchange/Runtime/Content/Utilities/New_LUT.uexp" 298
"../../../Engine/Content/Functions/Engine_MaterialFunctions03/Math/RemapValueRange.uasset" 299
"../../../Engine/Content/Functions/Engine_MaterialFunctions03/Math/RemapValueRange.uexp" 300
"../../../Engine/Plugins/Interchange/Runtime/Content/Functions/MF_Iridescence.uasset" 301
"../../../Engine/Plugins/Interchange/Runtime/Content/Functions/MF_Iridescence.uexp" 302
"../../../Engine/Plugins/Interchange/Runtime/Content/Functions/MX_StandardSurface.uasset" 303
"../../../Engine/Plugins/Interchange/Runtime/Content/Functions/MX_StandardSurface.uexp" 304
"../../../Engine/Plugins/Interchange/Runtime/Content/Functions/MX_TransmissionSurface.uasset" 305
"../../../Engine/Plugins/Interchange/Runtime/Content/Functions/MX_TransmissionSurface.uexp" 306
"../../../Engine/Plugins/Interchange/Runtime/Content/Functions/MX_OpenPBR_Translucent.uasset" 307
"../../../Engine/Plugins/Interchange/Runtime/Content/Functions/MX_OpenPBR_Translucent.uexp" 308
"../../../Engine/Plugins/Interchange/Runtime/Content/Functions/MX_OpenPBR_Opaque.uasset" 309
"../../../Engine/Plugins/Interchange/Runtime/Content/Functions/MX_OpenPBR_Opaque.uexp" 310
"../../../Engine/Plugins/Interchange/Runtime/Content/Functions/MX_MeasuredEDF.uasset" 311
"../../../Engine/Plugins/Interchange/Runtime/Content/Functions/MX_MeasuredEDF.uexp" 312
"../../../Engine/Plugins/Interchange/Runtime/Content/Functions/MX_GeneralizedSchlickBSDF.uasset" 313
"../../../Engine/Plugins/Interchange/Runtime/Content/Functions/MX_GeneralizedSchlickBSDF.uexp" 314
"../../../Engine/Plugins/Interchange/Runtime/Content/Functions/MX_DielectricBSDF.uasset" 315
"../../../Engine/Plugins/Interchange/Runtime/Content/Functions/MX_DielectricBSDF.uexp" 316
"../../../Engine/Plugins/Interchange/Runtime/Content/Functions/MX_ConicalEDF.uasset" 317
"../../../Engine/Plugins/Interchange/Runtime/Content/Functions/MX_ConicalEDF.uexp" 318
"../../../Engine/Plugins/Interchange/Runtime/Content/Functions/MX_ConductorBSDF.uasset" 319
"../../../Engine/Plugins/Interchange/Runtime/Content/Functions/MX_ConductorBSDF.uexp" 320
"../../../Engine/Plugins/Interchange/Runtime/Content/Functions/MX_BurleyDiffuseBSDF.uasset" 321
"../../../Engine/Plugins/Interchange/Runtime/Content/Functions/MX_BurleyDiffuseBSDF.uexp" 322
"../../../Engine/Plugins/Interchange/Runtime/Content/Functions/MX_AnisotropicVDF.uasset" 323
"../../../Engine/Plugins/Interchange/Runtime/Content/Functions/MX_AnisotropicVDF.uexp" 324
"../../../Engine/Plugins/Interchange/Runtime/Content/Functions/MX_AbsorptionVDF.uasset" 325
"../../../Engine/Plugins/Interchange/Runtime/Content/Functions/MX_AbsorptionVDF.uexp" 326
"../../../Engine/Content/EngineResources/WhiteSquareTexture.uasset" 327
"../../../Engine/Content/EngineResources/WhiteSquareTexture.uexp" 328
"../../../Engine/Content/Functions/Engine_MaterialFunctions01/Texturing/FlattenNormal.uasset" 329
"../../../Engine/Content/Functions/Engine_MaterialFunctions01/Texturing/FlattenNormal.uexp" 330
"../../../Engine/Content/EngineMaterials/FlatNormal.uasset" 331
"../../../Engine/Content/EngineMaterials/FlatNormal.uexp" 332
"../../../Engine/Plugins/Enterprise/DatasmithContent/Content/Materials/SketchUpReference.uasset" 333
"../../../Engine/Plugins/Enterprise/DatasmithContent/Content/Materials/SketchUpReference.uexp" 334
"../../../Engine/Content/Functions/Engine_MaterialFunctions03/Procedurals/NormalFromHeightmap.uasset" 335
"../../../Engine/Content/Functions/Engine_MaterialFunctions03/Procedurals/NormalFromHeightmap.uexp" 336
"../../../Engine/Content/Functions/Engine_MaterialFunctions02/Texturing/CustomRotator.uasset" 337
"../../../Engine/Content/Functions/Engine_MaterialFunctions02/Texturing/CustomRotator.uexp" 338
"../../../Engine/Plugins/Enterprise/DatasmithContent/Content/Materials/TileMirrorAxis.uasset" 339
"../../../Engine/Plugins/Enterprise/DatasmithContent/Content/Materials/TileMirrorAxis.uexp" 340
"../../../Engine/Plugins/Enterprise/DatasmithContent/Content/Materials/UVEdit.uasset" 341
"../../../Engine/Plugins/Enterprise/DatasmithContent/Content/Materials/UVEdit.uexp" 342
"../../../Engine/Content/ArtTools/RenderToTexture/Textures/127grey.uasset" 343
"../../../Engine/Content/ArtTools/RenderToTexture/Textures/127grey.uexp" 344
"../../../Engine/Plugins/Enterprise/DatasmithContent/Content/Materials/RevitReference.uasset" 345
"../../../Engine/Plugins/Enterprise/DatasmithContent/Content/Materials/RevitReference.uexp" 346
"../../../Engine/Plugins/Enterprise/DatasmithContent/Content/Materials/CE_BaseReference.uasset" 347
"../../../Engine/Plugins/Enterprise/DatasmithContent/Content/Materials/CE_BaseReference.uexp" 348
"../../../Engine/Plugins/Enterprise/DatasmithContent/Content/Materials/CE_OpaqueReference.uasset" 349
"../../../Engine/Plugins/Enterprise/DatasmithContent/Content/Materials/CE_OpaqueReference.uexp" 350
"../../../Engine/Plugins/Enterprise/DatasmithContent/Content/Materials/CE_OpacitySimpleReference.uasset" 351
"../../../Engine/Plugins/Enterprise/DatasmithContent/Content/Materials/CE_OpacitySimpleReference.uexp" 352
"../../../Engine/Plugins/Enterprise/DatasmithContent/Content/Materials/CE_OpacityReference.uasset" 353
"../../../Engine/Plugins/Enterprise/DatasmithContent/Content/Materials/CE_OpacityReference.uexp" 354
"../../../Engine/Content/EngineMaterials/DefaultDiffuse.ubulk" 355
"../../../Engine/Content/EngineMaterials/DefaultDiffuse.uasset" 356
"../../../Engine/Content/EngineMaterials/DefaultDiffuse.uexp" 357
"../../../Engine/Content/EditorLandscapeResources/WhiteSquareTexture.uasset" 358
"../../../Engine/Content/EditorLandscapeResources/WhiteSquareTexture.uexp" 359
"../../../Engine/Plugins/Enterprise/DatasmithContent/Content/Materials/C4DReferenceUV.uasset" 360
"../../../Engine/Plugins/Enterprise/DatasmithContent/Content/Materials/C4DReferenceUV.uexp" 361
"../../../Engine/Content/Functions/Engine_MaterialFunctions02/HueShift.uasset" 362
"../../../Engine/Content/Functions/Engine_MaterialFunctions02/HueShift.uexp" 363
"../../../Engine/Content/EngineMaterials/T_Default_Normal.ubulk" 364
"../../../Engine/Content/EngineMaterials/T_Default_Normal.uasset" 365
"../../../Engine/Content/EngineMaterials/T_Default_Normal.uexp" 366
"../../../Engine/Plugins/Enterprise/DatasmithContent/Content/Materials/C4DReference.uasset" 367
"../../../Engine/Plugins/Enterprise/DatasmithContent/Content/Materials/C4DReference.uexp" 368
"../../../Engine/Plugins/Editor/SpeedTreeImporter/Content/SpeedTree9/game_wind_noise.ubulk" 369
"../../../Engine/Plugins/Editor/SpeedTreeImporter/Content/SpeedTree9/game_wind_noise.uasset" 370
"../../../Engine/Plugins/Editor/SpeedTreeImporter/Content/SpeedTree9/game_wind_noise.uexp" 371
"../../../Engine/Plugins/Editor/SpeedTreeImporter/Content/SpeedTree9/UnpackDirection.uasset" 372
"../../../Engine/Plugins/Editor/SpeedTreeImporter/Content/SpeedTree9/UnpackDirection.uexp" 373
"../../../Engine/Content/Functions/Engine_MaterialFunctions02/ObjectLocalBounds.uasset" 374
"../../../Engine/Content/Functions/Engine_MaterialFunctions02/ObjectLocalBounds.uexp" 375
"../../../Engine/Content/Functions/Engine_MaterialFunctions02/UVs/BoundingBoxBased_0-1_UVW.uasset" 376
"../../../Engine/Content/Functions/Engine_MaterialFunctions02/UVs/BoundingBoxBased_0-1_UVW.uexp" 377
"../../../Engine/Content/Functions/Engine_MaterialFunctions02/Utility/VectorLength.uasset" 378
"../../../Engine/Content/Functions/Engine_MaterialFunctions02/Utility/VectorLength.uexp" 379
"../../../Engine/Plugins/Editor/SpeedTreeImporter/Content/SpeedTree9/UnpackInteger3.uasset" 380
"../../../Engine/Plugins/Editor/SpeedTreeImporter/Content/SpeedTree9/UnpackInteger3.uexp" 381
"../../../Engine/Plugins/Editor/SpeedTreeImporter/Content/SpeedTree9/SpeedTreeCameraFacing.uasset" 382
"../../../Engine/Plugins/Editor/SpeedTreeImporter/Content/SpeedTree9/SpeedTreeCameraFacing.uexp" 383
"../../../Engine/Content/Functions/Engine_MaterialFunctions02/WorldPositionOffset/ObjectScale.uasset" 384
"../../../Engine/Content/Functions/Engine_MaterialFunctions02/WorldPositionOffset/ObjectScale.uexp" 385
"../../../Engine/Content/Functions/Engine_MaterialFunctions02/SafeNormalize.uasset" 386
"../../../Engine/Content/Functions/Engine_MaterialFunctions02/SafeNormalize.uexp" 387
"../../../Engine/Plugins/Editor/SpeedTreeImporter/Content/SpeedTree9/SpeedTreeWindMotion.uasset" 388
"../../../Engine/Plugins/Editor/SpeedTreeImporter/Content/SpeedTree9/SpeedTreeWindMotion.uexp" 389
"../../../Engine/Plugins/Editor/SpeedTreeImporter/Content/SpeedTree9/SpeedTreeBranchMotion.uasset" 390
"../../../Engine/Plugins/Editor/SpeedTreeImporter/Content/SpeedTree9/SpeedTreeBranchMotion.uexp" 391
"../../../Engine/Plugins/Editor/SpeedTreeImporter/Content/SpeedTree9/SpeedTreeWind.uasset" 392
"../../../Engine/Plugins/Editor/SpeedTreeImporter/Content/SpeedTree9/SpeedTreeWind.uexp" 393
"../../../Engine/Plugins/Editor/SpeedTreeImporter/Content/SpeedTree9/EmptyNormal.uasset" 394
"../../../Engine/Plugins/Editor/SpeedTreeImporter/Content/SpeedTree9/EmptyNormal.uexp" 395
"../../../Engine/Plugins/Editor/SpeedTreeImporter/Content/SpeedTree9/Empty.uasset" 396
"../../../Engine/Plugins/Editor/SpeedTreeImporter/Content/SpeedTree9/Empty.uexp" 397
"../../../Engine/Plugins/Editor/SpeedTreeImporter/Content/SpeedTree9/SpeedTreeMaster.uasset" 398
"../../../Engine/Plugins/Editor/SpeedTreeImporter/Content/SpeedTree9/SpeedTreeMaster.uexp" 399
"../../../Engine/Plugins/Editor/SpeedTreeImporter/Content/SpeedTree9/SpeedTreeBillboard.uasset" 400
"../../../Engine/Plugins/Editor/SpeedTreeImporter/Content/SpeedTree9/SpeedTreeBillboard.uexp" 401
"../../../Engine/Plugins/Editor/SpeedTreeImporter/Content/SpeedTree9/SpeedTreeBillboardMaster.uasset" 402
"../../../Engine/Plugins/Editor/SpeedTreeImporter/Content/SpeedTree9/SpeedTreeBillboardMaster.uexp" 403
"../../../Engine/Plugins/Animation/ControlRig/Content/Controls/DefaultGizmoLibraryNormalized.uasset" 404
"../../../Engine/Plugins/Animation/ControlRig/Content/Controls/DefaultGizmoLibraryNormalized.uexp" 405
"../../../Engine/Plugins/Animation/ControlRig/Content/Controls/ControlRig_Wedge_solid.ubulk" 406
"../../../Engine/Plugins/Animation/ControlRig/Content/Controls/ControlRig_Wedge_solid.uasset" 407
"../../../Engine/Plugins/Animation/ControlRig/Content/Controls/ControlRig_Wedge_solid.uexp" 408
"../../../Engine/Plugins/Animation/ControlRig/Content/Controls/ControlRig_Wedge_3mm.ubulk" 409
"../../../Engine/Plugins/Animation/ControlRig/Content/Controls/ControlRig_Wedge_3mm.uasset" 410
"../../../Engine/Plugins/Animation/ControlRig/Content/Controls/ControlRig_Wedge_3mm.uexp" 411
"../../../Engine/Plugins/Animation/ControlRig/Content/Controls/ControlRig_Wedge_1mm.ubulk" 412
"../../../Engine/Plugins/Animation/ControlRig/Content/Controls/ControlRig_Wedge_1mm.uasset" 413
"../../../Engine/Plugins/Animation/ControlRig/Content/Controls/ControlRig_Wedge_1mm.uexp" 414
"../../../Engine/Plugins/Animation/ControlRig/Content/Controls/ControlRig_Triangle_solid.ubulk" 415
"../../../Engine/Plugins/Animation/ControlRig/Content/Controls/ControlRig_Triangle_solid.uasset" 416
"../../../Engine/Plugins/Animation/ControlRig/Content/Controls/ControlRig_Triangle_solid.uexp" 417
"../../../Engine/Plugins/Animation/ControlRig/Content/Controls/ControlRig_Triangle_3mm.ubulk" 418
"../../../Engine/Plugins/Animation/ControlRig/Content/Controls/ControlRig_Triangle_3mm.uasset" 419
"../../../Engine/Plugins/Animation/ControlRig/Content/Controls/ControlRig_Triangle_3mm.uexp" 420
"../../../Engine/Plugins/Animation/ControlRig/Content/Controls/ControlRig_Triangle_1mm.ubulk" 421
"../../../Engine/Plugins/Animation/ControlRig/Content/Controls/ControlRig_Triangle_1mm.uasset" 422
"../../../Engine/Plugins/Animation/ControlRig/Content/Controls/ControlRig_Triangle_1mm.uexp" 423
"../../../Engine/Plugins/Animation/ControlRig/Content/Controls/ControlRig_Star4_solid.ubulk" 424
"../../../Engine/Plugins/Animation/ControlRig/Content/Controls/ControlRig_Star4_solid.uasset" 425
"../../../Engine/Plugins/Animation/ControlRig/Content/Controls/ControlRig_Star4_solid.uexp" 426
"../../../Engine/Plugins/Animation/ControlRig/Content/Controls/ControlRig_Star4_3mm.ubulk" 427
"../../../Engine/Plugins/Animation/ControlRig/Content/Controls/ControlRig_Star4_3mm.uasset" 428
"../../../Engine/Plugins/Animation/ControlRig/Content/Controls/ControlRig_Star4_3mm.uexp" 429
"../../../Engine/Plugins/Animation/ControlRig/Content/Controls/ControlRig_Star4_1mm.ubulk" 430
"../../../Engine/Plugins/Animation/ControlRig/Content/Controls/ControlRig_Star4_1mm.uasset" 431
"../../../Engine/Plugins/Animation/ControlRig/Content/Controls/ControlRig_Star4_1mm.uexp" 432
"../../../Engine/Plugins/Animation/ControlRig/Content/Controls/ControlRig_Square_solid.ubulk" 433
"../../../Engine/Plugins/Animation/ControlRig/Content/Controls/ControlRig_Square_solid.uasset" 434
"../../../Engine/Plugins/Animation/ControlRig/Content/Controls/ControlRig_Square_solid.uexp" 435
"../../../Engine/Plugins/Animation/ControlRig/Content/Controls/ControlRig_Square_3mm.ubulk" 436
"../../../Engine/Plugins/Animation/ControlRig/Content/Controls/ControlRig_Square_3mm.uasset" 437
"../../../Engine/Plugins/Animation/ControlRig/Content/Controls/ControlRig_Square_3mm.uexp" 438
"../../../Engine/Plugins/Animation/ControlRig/Content/Controls/ControlRig_Square_1mm.ubulk" 439
"../../../Engine/Plugins/Animation/ControlRig/Content/Controls/ControlRig_Square_1mm.uasset" 440
"../../../Engine/Plugins/Animation/ControlRig/Content/Controls/ControlRig_Square_1mm.uexp" 441
"../../../Engine/Plugins/Animation/ControlRig/Content/Controls/ControlRig_Sphere_solid.ubulk" 442
"../../../Engine/Plugins/Animation/ControlRig/Content/Controls/ControlRig_Sphere_solid.uasset" 443
"../../../Engine/Plugins/Animation/ControlRig/Content/Controls/ControlRig_Sphere_solid.uexp" 444
"../../../Engine/Plugins/Animation/ControlRig/Content/Controls/ControlRig_Sphere_3mm.ubulk" 445
"../../../Engine/Plugins/Animation/ControlRig/Content/Controls/ControlRig_Sphere_3mm.uasset" 446
"../../../Engine/Plugins/Animation/ControlRig/Content/Controls/ControlRig_Sphere_3mm.uexp" 447
"../../../Engine/Plugins/Animation/ControlRig/Content/Controls/ControlRig_Sphere_1mm.ubulk" 448
"../../../Engine/Plugins/Animation/ControlRig/Content/Controls/ControlRig_Sphere_1mm.uasset" 449
"../../../Engine/Plugins/Animation/ControlRig/Content/Controls/ControlRig_Sphere_1mm.uexp" 450
"../../../Engine/Plugins/Animation/ControlRig/Content/Controls/ControlRig_RoundedTriangle_solid.ubulk" 451
"../../../Engine/Plugins/Animation/ControlRig/Content/Controls/ControlRig_RoundedTriangle_solid.uasset" 452
"../../../Engine/Plugins/Animation/ControlRig/Content/Controls/ControlRig_RoundedTriangle_solid.uexp" 453
"../../../Engine/Plugins/Animation/ControlRig/Content/Controls/ControlRig_RoundedTriangle_3mm.ubulk" 454
"../../../Engine/Plugins/Animation/ControlRig/Content/Controls/ControlRig_RoundedTriangle_3mm.uasset" 455
"../../../Engine/Plugins/Animation/ControlRig/Content/Controls/ControlRig_RoundedTriangle_3mm.uexp" 456
"../../../Engine/Plugins/Animation/ControlRig/Content/Controls/ControlRig_RoundedTriangle_1mm.ubulk" 457
"../../../Engine/Plugins/Animation/ControlRig/Content/Controls/ControlRig_RoundedTriangle_1mm.uasset" 458
"../../../Engine/Plugins/Animation/ControlRig/Content/Controls/ControlRig_RoundedTriangle_1mm.uexp" 459
"../../../Engine/Plugins/Animation/ControlRig/Content/Controls/ControlRig_RoundedSquare_solid.ubulk" 460
"../../../Engine/Plugins/Animation/ControlRig/Content/Controls/ControlRig_RoundedSquare_solid.uasset" 461
"../../../Engine/Plugins/Animation/ControlRig/Content/Controls/ControlRig_RoundedSquare_solid.uexp" 462
"../../../Engine/Plugins/Animation/ControlRig/Content/Controls/ControlRig_RoundedSquare_3mm.ubulk" 463
"../../../Engine/Plugins/Animation/ControlRig/Content/Controls/ControlRig_RoundedSquare_3mm.uasset" 464
"../../../Engine/Plugins/Animation/ControlRig/Content/Controls/ControlRig_RoundedSquare_3mm.uexp" 465
"../../../Engine/Plugins/Animation/ControlRig/Content/Controls/ControlRig_RoundedSquare_1mm.ubulk" 466
"../../../Engine/Plugins/Animation/ControlRig/Content/Controls/ControlRig_RoundedSquare_1mm.uasset" 467
"../../../Engine/Plugins/Animation/ControlRig/Content/Controls/ControlRig_RoundedSquare_1mm.uexp" 468
"../../../Engine/Plugins/Animation/ControlRig/Content/Controls/ControlRig_QuarterCircle_solid.ubulk" 469
"../../../Engine/Plugins/Animation/ControlRig/Content/Controls/ControlRig_QuarterCircle_solid.uasset" 470
"../../../Engine/Plugins/Animation/ControlRig/Content/Controls/ControlRig_QuarterCircle_solid.uexp" 471
"../../../Engine/Plugins/Animation/ControlRig/Content/Controls/ControlRig_QuarterCircle_3mm.ubulk" 472
"../../../Engine/Plugins/Animation/ControlRig/Content/Controls/ControlRig_QuarterCircle_3mm.uasset" 473
"../../../Engine/Plugins/Animation/ControlRig/Content/Controls/ControlRig_QuarterCircle_3mm.uexp" 474
"../../../Engine/Plugins/Animation/ControlRig/Content/Controls/ControlRig_QuarterCircle_1mm.ubulk" 475
"../../../Engine/Plugins/Animation/ControlRig/Content/Controls/ControlRig_QuarterCircle_1mm.uasset" 476
"../../../Engine/Plugins/Animation/ControlRig/Content/Controls/ControlRig_QuarterCircle_1mm.uexp" 477
"../../../Engine/Plugins/Animation/ControlRig/Content/Controls/ControlRig_Pyramid_solid.ubulk" 478
"../../../Engine/Plugins/Animation/ControlRig/Content/Controls/ControlRig_Pyramid_solid.uasset" 479
"../../../Engine/Plugins/Animation/ControlRig/Content/Controls/ControlRig_Pyramid_solid.uexp" 480
"../../../Engine/Plugins/Animation/ControlRig/Content/Controls/ControlRig_Pyramid_3mm.ubulk" 481
"../../../Engine/Plugins/Animation/ControlRig/Content/Controls/ControlRig_Pyramid_3mm.uasset" 482
"../../../Engine/Plugins/Animation/ControlRig/Content/Controls/ControlRig_Pyramid_3mm.uexp" 483
"../../../Engine/Plugins/Animation/ControlRig/Content/Controls/ControlRig_Pyramid_1mm.ubulk" 484
"../../../Engine/Plugins/Animation/ControlRig/Content/Controls/ControlRig_Pyramid_1mm.uasset" 485
"../../../Engine/Plugins/Animation/ControlRig/Content/Controls/ControlRig_Pyramid_1mm.uexp" 486
"../../../Engine/Plugins/Animation/ControlRig/Content/Controls/ControlRig_Octagon_solid.ubulk" 487
"../../../Engine/Plugins/Animation/ControlRig/Content/Controls/ControlRig_Octagon_solid.uasset" 488
"../../../Engine/Plugins/Animation/ControlRig/Content/Controls/ControlRig_Octagon_solid.uexp" 489
"../../../Engine/Plugins/Animation/ControlRig/Content/Controls/ControlRig_Octagon_3mm.ubulk" 490
"../../../Engine/Plugins/Animation/ControlRig/Content/Controls/ControlRig_Octagon_3mm.uasset" 491
"../../../Engine/Plugins/Animation/ControlRig/Content/Controls/ControlRig_Octagon_3mm.uexp" 492
"../../../Engine/Plugins/Animation/ControlRig/Content/Controls/ControlRig_Octagon_1mm.ubulk" 493
"../../../Engine/Plugins/Animation/ControlRig/Content/Controls/ControlRig_Octagon_1mm.uasset" 494
"../../../Engine/Plugins/Animation/ControlRig/Content/Controls/ControlRig_Octagon_1mm.uexp" 495
"../../../Engine/Plugins/Animation/ControlRig/Content/Controls/ControlRig_Hexagon_solid.ubulk" 496
"../../../Engine/Plugins/Animation/ControlRig/Content/Controls/ControlRig_Hexagon_solid.uasset" 497
"../../../Engine/Plugins/Animation/ControlRig/Content/Controls/ControlRig_Hexagon_solid.uexp" 498
"../../../Engine/Plugins/Animation/ControlRig/Content/Controls/ControlRig_Hexagon_3mm.ubulk" 499
"../../../Engine/Plugins/Animation/ControlRig/Content/Controls/ControlRig_Hexagon_3mm.uasset" 500
"../../../Engine/Plugins/Animation/ControlRig/Content/Controls/ControlRig_Hexagon_3mm.uexp" 501
"../../../Engine/Plugins/Animation/ControlRig/Content/Controls/ControlRig_Hexagon_1mm.ubulk" 502
"../../../Engine/Plugins/Animation/ControlRig/Content/Controls/ControlRig_Hexagon_1mm.uasset" 503
"../../../Engine/Plugins/Animation/ControlRig/Content/Controls/ControlRig_Hexagon_1mm.uexp" 504
"../../../Engine/Plugins/Animation/ControlRig/Content/Controls/ControlRig_HalfCircle_solid.ubulk" 505
"../../../Engine/Plugins/Animation/ControlRig/Content/Controls/ControlRig_HalfCircle_solid.uasset" 506
"../../../Engine/Plugins/Animation/ControlRig/Content/Controls/ControlRig_HalfCircle_solid.uexp" 507
"../../../Engine/Plugins/Animation/ControlRig/Content/Controls/ControlRig_HalfCircle_3mm.ubulk" 508
"../../../Engine/Plugins/Animation/ControlRig/Content/Controls/ControlRig_HalfCircle_3mm.uasset" 509
"../../../Engine/Plugins/Animation/ControlRig/Content/Controls/ControlRig_HalfCircle_3mm.uexp" 510
"../../../Engine/Plugins/Animation/ControlRig/Content/Controls/ControlRig_HalfCircle_1mm.ubulk" 511
"../../../Engine/Plugins/Animation/ControlRig/Content/Controls/ControlRig_HalfCircle_1mm.uasset" 512
"../../../Engine/Plugins/Animation/ControlRig/Content/Controls/ControlRig_HalfCircle_1mm.uexp" 513
"../../../Engine/Plugins/Animation/ControlRig/Content/Controls/ControlRig_Diamond_solid.ubulk" 514
"../../../Engine/Plugins/Animation/ControlRig/Content/Controls/ControlRig_Diamond_solid.uasset" 515
"../../../Engine/Plugins/Animation/ControlRig/Content/Controls/ControlRig_Diamond_solid.uexp" 516
"../../../Engine/Plugins/Animation/ControlRig/Content/Controls/ControlRig_Diamond_3mm.ubulk" 517
"../../../Engine/Plugins/Animation/ControlRig/Content/Controls/ControlRig_Diamond_3mm.uasset" 518
"../../../Engine/Plugins/Animation/ControlRig/Content/Controls/ControlRig_Diamond_3mm.uexp" 519
"../../../Engine/Plugins/Animation/ControlRig/Content/Controls/ControlRig_Diamond_1mm.ubulk" 520
"../../../Engine/Plugins/Animation/ControlRig/Content/Controls/ControlRig_Diamond_1mm.uasset" 521
"../../../Engine/Plugins/Animation/ControlRig/Content/Controls/ControlRig_Diamond_1mm.uexp" 522
"../../../Engine/Plugins/Animation/ControlRig/Content/Controls/ControlRig_Circle_solid.ubulk" 523
"../../../Engine/Plugins/Animation/ControlRig/Content/Controls/ControlRig_Circle_solid.uasset" 524
"../../../Engine/Plugins/Animation/ControlRig/Content/Controls/ControlRig_Circle_solid.uexp" 525
"../../../Engine/Plugins/Animation/ControlRig/Content/Controls/ControlRig_Circle_3mm.ubulk" 526
"../../../Engine/Plugins/Animation/ControlRig/Content/Controls/ControlRig_Circle_3mm.uasset" 527
"../../../Engine/Plugins/Animation/ControlRig/Content/Controls/ControlRig_Circle_3mm.uexp" 528
"../../../Engine/Plugins/Animation/ControlRig/Content/Controls/ControlRig_Circle_1mm.ubulk" 529
"../../../Engine/Plugins/Animation/ControlRig/Content/Controls/ControlRig_Circle_1mm.uasset" 530
"../../../Engine/Plugins/Animation/ControlRig/Content/Controls/ControlRig_Circle_1mm.uexp" 531
"../../../Engine/Plugins/Animation/ControlRig/Content/Controls/ControlRig_Box_solid.ubulk" 532
"../../../Engine/Plugins/Animation/ControlRig/Content/Controls/ControlRig_Box_solid.uasset" 533
"../../../Engine/Plugins/Animation/ControlRig/Content/Controls/ControlRig_Box_solid.uexp" 534
"../../../Engine/Plugins/Animation/ControlRig/Content/Controls/ControlRig_Box_3mm.ubulk" 535
"../../../Engine/Plugins/Animation/ControlRig/Content/Controls/ControlRig_Box_3mm.uasset" 536
"../../../Engine/Plugins/Animation/ControlRig/Content/Controls/ControlRig_Box_3mm.uexp" 537
"../../../Engine/Plugins/Animation/ControlRig/Content/Controls/ControlRig_Box_1mm.ubulk" 538
"../../../Engine/Plugins/Animation/ControlRig/Content/Controls/ControlRig_Box_1mm.uasset" 539
"../../../Engine/Plugins/Animation/ControlRig/Content/Controls/ControlRig_Box_1mm.uexp" 540
"../../../Engine/Plugins/Animation/ControlRig/Content/Controls/ControlRig_Arrow_solid.ubulk" 541
"../../../Engine/Plugins/Animation/ControlRig/Content/Controls/ControlRig_Arrow_solid.uasset" 542
"../../../Engine/Plugins/Animation/ControlRig/Content/Controls/ControlRig_Arrow_solid.uexp" 543
"../../../Engine/Plugins/Animation/ControlRig/Content/Controls/ControlRig_Arrow_3mm.ubulk" 544
"../../../Engine/Plugins/Animation/ControlRig/Content/Controls/ControlRig_Arrow_3mm.uasset" 545
"../../../Engine/Plugins/Animation/ControlRig/Content/Controls/ControlRig_Arrow_3mm.uexp" 546
"../../../Engine/Plugins/Animation/ControlRig/Content/Controls/ControlRig_Arrow_1mm.ubulk" 547
"../../../Engine/Plugins/Animation/ControlRig/Content/Controls/ControlRig_Arrow_1mm.uasset" 548
"../../../Engine/Plugins/Animation/ControlRig/Content/Controls/ControlRig_Arrow_1mm.uexp" 549
"../../../Engine/Plugins/Animation/ControlRig/Content/Controls/ControlRig_Arrow4_solid.ubulk" 550
"../../../Engine/Plugins/Animation/ControlRig/Content/Controls/ControlRig_Arrow4_solid.uasset" 551
"../../../Engine/Plugins/Animation/ControlRig/Content/Controls/ControlRig_Arrow4_solid.uexp" 552
"../../../Engine/Plugins/Animation/ControlRig/Content/Controls/ControlRig_Arrow4_3mm.ubulk" 553
"../../../Engine/Plugins/Animation/ControlRig/Content/Controls/ControlRig_Arrow4_3mm.uasset" 554
"../../../Engine/Plugins/Animation/ControlRig/Content/Controls/ControlRig_Arrow4_3mm.uexp" 555
"../../../Engine/Plugins/Animation/ControlRig/Content/Controls/ControlRig_Arrow4_1mm.ubulk" 556
"../../../Engine/Plugins/Animation/ControlRig/Content/Controls/ControlRig_Arrow4_1mm.uasset" 557
"../../../Engine/Plugins/Animation/ControlRig/Content/Controls/ControlRig_Arrow4_1mm.uexp" 558
"../../../Engine/Plugins/Animation/ControlRig/Content/Controls/ControlRig_Arrow2_solid.ubulk" 559
"../../../Engine/Plugins/Animation/ControlRig/Content/Controls/ControlRig_Arrow2_solid.uasset" 560
"../../../Engine/Plugins/Animation/ControlRig/Content/Controls/ControlRig_Arrow2_solid.uexp" 561
"../../../Engine/Plugins/Animation/ControlRig/Content/Controls/ControlRig_Arrow2_3mm.ubulk" 562
"../../../Engine/Plugins/Animation/ControlRig/Content/Controls/ControlRig_Arrow2_3mm.uasset" 563
"../../../Engine/Plugins/Animation/ControlRig/Content/Controls/ControlRig_Arrow2_3mm.uexp" 564
"../../../Engine/Plugins/Animation/ControlRig/Content/Controls/ControlRig_Arrow2_1mm.ubulk" 565
"../../../Engine/Plugins/Animation/ControlRig/Content/Controls/ControlRig_Arrow2_1mm.uasset" 566
"../../../Engine/Plugins/Animation/ControlRig/Content/Controls/ControlRig_Arrow2_1mm.uexp" 567
"../../../Engine/Plugins/Animation/ControlRig/Content/Controls/ControlRigXRayMaterial.uasset" 568
"../../../Engine/Plugins/Animation/ControlRig/Content/Controls/ControlRigXRayMaterial.uexp" 569
"../../../Engine/Plugins/Animation/ControlRig/Content/Controls/ControlRigGizmoMaterial.uasset" 570
"../../../Engine/Plugins/Animation/ControlRig/Content/Controls/ControlRigGizmoMaterial.uexp" 571
"../../../Engine/Content/VREditor/TransformGizmo/StartRotationHandleIndicator.ubulk" 572
"../../../Engine/Content/VREditor/TransformGizmo/StartRotationHandleIndicator.uasset" 573
"../../../Engine/Content/VREditor/TransformGizmo/StartRotationHandleIndicator.uexp" 574
"../../../Engine/Content/VREditor/Sounds/UI/Drop_Item_From_ContentBrowser.ubulk" 575
"../../../Engine/Content/VREditor/Sounds/UI/Drop_Item_From_ContentBrowser.uasset" 576
"../../../Engine/Content/VREditor/Sounds/UI/Drop_Item_From_ContentBrowser.uexp" 577
"../../../Engine/Content/VREditor/TransformGizmo/PlaneTranslationHandle.ubulk" 578
"../../../Engine/Content/VREditor/TransformGizmo/PlaneTranslationHandle.uasset" 579
"../../../Engine/Content/VREditor/TransformGizmo/PlaneTranslationHandle.uexp" 580
"../../../Engine/Content/VREditor/Sounds/UI/Object_Snaps_To_Grid.ubulk" 581
"../../../Engine/Content/VREditor/Sounds/UI/Object_Snaps_To_Grid.uasset" 582
"../../../Engine/Content/VREditor/Sounds/UI/Object_Snaps_To_Grid.uexp" 583
"../../../Engine/Content/VREditor/Sounds/UI/Selection_Changes.ubulk" 584
"../../../Engine/Content/VREditor/Sounds/UI/Selection_Changes.uasset" 585
"../../../Engine/Content/VREditor/Sounds/UI/Selection_Changes.uexp" 586
"../../../Engine/Content/VREditor/Sounds/UI/Object_Snaps_To_Another_Actor.ubulk" 587
"../../../Engine/Content/VREditor/Sounds/UI/Object_Snaps_To_Another_Actor.uasset" 588
"../../../Engine/Content/VREditor/Sounds/UI/Object_Snaps_To_Another_Actor.uexp" 589
"../../../Engine/Content/VREditor/TransformGizmo/TranslucentTransformGizmoMaterial_Inst.uasset" 590
"../../../Engine/Content/VREditor/TransformGizmo/TranslucentTransformGizmoMaterial_Inst.uexp" 591
"../../../Engine/Content/VREditor/TransformGizmo/TransformGizmoFreeRotation.ubulk" 592
"../../../Engine/Content/VREditor/TransformGizmo/TransformGizmoFreeRotation.uasset" 593
"../../../Engine/Content/VREditor/TransformGizmo/TransformGizmoFreeRotation.uexp" 594
"../../../Engine/Content/VREditor/Sounds/UI/Scaling_Down.ubulk" 595
"../../../Engine/Content/VREditor/Sounds/UI/Scaling_Down.uasset" 596
"../../../Engine/Content/VREditor/Sounds/UI/Scaling_Down.uexp" 597
"../../../Engine/Content/Functions/Engine_MaterialFunctions02/Math/Transform3x3Matrix.uasset" 598
"../../../Engine/Content/Functions/Engine_MaterialFunctions02/Math/Transform3x3Matrix.uexp" 599
"../../../Engine/Content/Functions/Engine_MaterialFunctions02/SplitComponents.uasset" 600
"../../../Engine/Content/Functions/Engine_MaterialFunctions02/SplitComponents.uexp" 601
"../../../Engine/Content/Functions/Engine_MaterialFunctions02/Utility/MakeFloat3.uasset" 602
"../../../Engine/Content/Functions/Engine_MaterialFunctions02/Utility/MakeFloat3.uexp" 603
"../../../Engine/Content/VREditor/SnapGrid/SnapGridMaterial.uasset" 604
"../../../Engine/Content/VREditor/SnapGrid/SnapGridMaterial.uexp" 605
"../../../Engine/Content/VREditor/SnapGrid/SnapGridPlaneMesh.ubulk" 606
"../../../Engine/Content/VREditor/SnapGrid/SnapGridPlaneMesh.uasset" 607
"../../../Engine/Content/VREditor/SnapGrid/SnapGridPlaneMesh.uexp" 608
"../../../Engine/Content/VREditor/Sounds/UI/Scaling_Up.ubulk" 609
"../../../Engine/Content/VREditor/Sounds/UI/Scaling_Up.uasset" 610
"../../../Engine/Content/VREditor/Sounds/UI/Scaling_Up.uexp" 611
"../../../Engine/Content/VREditor/TransformGizmo/TransformGizmoMaterial_Inst.uasset" 612
"../../../Engine/Content/VREditor/TransformGizmo/TransformGizmoMaterial_Inst.uexp" 613
"../../../Engine/Content/VREditor/Sounds/UI/Gizmo_Handle_Clicked.ubulk" 614
"../../../Engine/Content/VREditor/Sounds/UI/Gizmo_Handle_Clicked.uasset" 615
"../../../Engine/Content/VREditor/Sounds/UI/Gizmo_Handle_Clicked.uexp" 616
"../../../Engine/Content/VREditor/TransformGizmo/RotationHandleQuarter.ubulk" 617
"../../../Engine/Content/VREditor/TransformGizmo/RotationHandleQuarter.uasset" 618
"../../../Engine/Content/VREditor/TransformGizmo/RotationHandleQuarter.uexp" 619
"../../../Engine/Content/VREditor/TransformGizmo/TranslateArrowHandle.ubulk" 620
"../../../Engine/Content/VREditor/TransformGizmo/TranslateArrowHandle.uasset" 621
"../../../Engine/Content/VREditor/TransformGizmo/TranslateArrowHandle.uexp" 622
"../../../Engine/Content/VREditor/TransformGizmo/RotationHandleIndicator.ubulk" 623
"../../../Engine/Content/VREditor/TransformGizmo/RotationHandleIndicator.uasset" 624
"../../../Engine/Content/VREditor/TransformGizmo/RotationHandleIndicator.uexp" 625
"../../../Engine/Content/VREditor/TransformGizmo/UniformScaleHandle.ubulk" 626
"../../../Engine/Content/VREditor/TransformGizmo/UniformScaleHandle.uasset" 627
"../../../Engine/Content/VREditor/TransformGizmo/UniformScaleHandle.uexp" 628
"../../../Engine/Content/VREditor/TransformGizmo/RotationHandleFull.ubulk" 629
"../../../Engine/Content/VREditor/TransformGizmo/RotationHandleFull.uasset" 630
"../../../Engine/Content/VREditor/TransformGizmo/RotationHandleFull.uexp" 631
"../../../Engine/Content/VREditor/Sounds/UI/Object_PickUp.ubulk" 632
"../../../Engine/Content/VREditor/Sounds/UI/Object_PickUp.uasset" 633
"../../../Engine/Content/VREditor/Sounds/UI/Object_PickUp.uexp" 634
"../../../Engine/Content/EngineSounds/Master.uasset" 635
"../../../Engine/Content/EngineSounds/Master.uexp" 636
"../../../Engine/Content/EngineMaterials/Widget3DPassThrough.uasset" 637
"../../../Engine/Content/EngineMaterials/Widget3DPassThrough.uexp" 638
"../../../Engine/Content/EngineMaterials/Widget3DPassThrough_Translucent.uasset" 639
"../../../Engine/Content/EngineMaterials/Widget3DPassThrough_Translucent.uexp" 640
"../../../Engine/Content/EngineMaterials/Widget3DPassThrough_Translucent_OneSided.uasset" 641
"../../../Engine/Content/EngineMaterials/Widget3DPassThrough_Translucent_OneSided.uexp" 642
"../../../Engine/Content/EngineMaterials/Widget3DPassThrough_Opaque.uasset" 643
"../../../Engine/Content/EngineMaterials/Widget3DPassThrough_Opaque.uexp" 644
"../../../Engine/Content/EngineMaterials/Widget3DPassThrough_Opaque_OneSided.uasset" 645
"../../../Engine/Content/EngineMaterials/Widget3DPassThrough_Opaque_OneSided.uexp" 646
"../../../Engine/Content/EngineMaterials/Widget3DPassThrough_Masked_OneSided.uasset" 647
"../../../Engine/Content/EngineMaterials/Widget3DPassThrough_Masked_OneSided.uexp" 648
"../../../Engine/Content/EngineMaterials/Widget3DPassThrough_Masked.uasset" 649
"../../../Engine/Content/EngineMaterials/Widget3DPassThrough_Masked.uexp" 650
"../../../Engine/Content/EngineMaterials/STBlueNoise_vec2_128x128x64.uasset" 651
"../../../Engine/Content/EngineMaterials/STBlueNoise_vec2_128x128x64.uexp" 652
"../../../Engine/Content/EngineMaterials/STBlueNoise_scalar_128x128x64.uasset" 653
"../../../Engine/Content/EngineMaterials/STBlueNoise_scalar_128x128x64.uexp" 654
"../../../Engine/Content/EngineMaterials/RemoveSurfaceMaterial.uasset" 655
"../../../Engine/Content/EngineMaterials/RemoveSurfaceMaterial.uexp" 656
"../../../Engine/Content/EngineMaterials/DefaultCalibrationGrayscale.uasset" 657
"../../../Engine/Content/EngineMaterials/DefaultCalibrationGrayscale.uexp" 658
"../../../Engine/Content/EngineMaterials/PPM_DefaultCalibrationGrayscale.uasset" 659
"../../../Engine/Content/EngineMaterials/PPM_DefaultCalibrationGrayscale.uexp" 660
"../../../Engine/Content/EngineMaterials/DefaultCalibrationColor.uasset" 661
"../../../Engine/Content/EngineMaterials/DefaultCalibrationColor.uexp" 662
"../../../Engine/Content/EngineMaterials/PPM_DefaultCalibrationColor.uasset" 663
"../../../Engine/Content/EngineMaterials/PPM_DefaultCalibrationColor.uexp" 664
"../../../Engine/Content/EngineMaterials/PhAT_JointLimitMaterial.uasset" 665
"../../../Engine/Content/EngineMaterials/PhAT_JointLimitMaterial.uexp" 666
"../../../Engine/Content/EngineMaterials/NaniteHiddenSectionMaterial.uasset" 667
"../../../Engine/Content/EngineMaterials/NaniteHiddenSectionMaterial.uexp" 668
"../../../Engine/Content/EngineMaterials/InvalidLightmapSettings.ubulk" 669
"../../../Engine/Content/EngineMaterials/InvalidLightmapSettings.uasset" 670
"../../../Engine/Content/EngineMaterials/InvalidLightmapSettings.uexp" 671
"../../../Engine/Content/EngineMaterials/M_InvalidLightmapSettings.uasset" 672
"../../../Engine/Content/EngineMaterials/M_InvalidLightmapSettings.uexp" 673
"../../../Engine/Content/EngineMaterials/GizmoMaterial.uasset" 674
"../../../Engine/Content/EngineMaterials/GizmoMaterial.uexp" 675
"../../../Engine/Content/EngineMaterials/BaseFlattenEmissiveMap_VT.uasset" 676
"../../../Engine/Content/EngineMaterials/BaseFlattenEmissiveMap_VT.uexp" 677
"../../../Engine/Content/EngineMaterials/BaseFlattenGrayscaleMap_VT.uasset" 678
"../../../Engine/Content/EngineMaterials/BaseFlattenGrayscaleMap_VT.uexp" 679
"../../../Engine/Content/EngineMaterials/BaseFlattenLinearColor_VT.uasset" 680
"../../../Engine/Content/EngineMaterials/BaseFlattenLinearColor_VT.uexp" 681
"../../../Engine/Content/EngineMaterials/Black_1x1_EXR_Texture_VT.uasset" 682
"../../../Engine/Content/EngineMaterials/Black_1x1_EXR_Texture_VT.uexp" 683
"../../../Engine/Content/EngineMaterials/BaseFlattenDiffuseMap_VT.uasset" 684
"../../../Engine/Content/EngineMaterials/BaseFlattenDiffuseMap_VT.uexp" 685
"../../../Engine/Content/EngineMaterials/BaseFlattenNormalMap_VT.uasset" 686
"../../../Engine/Content/EngineMaterials/BaseFlattenNormalMap_VT.uexp" 687
"../../../Engine/Content/EngineMaterials/FlattenMaterial_WS_Normal_VT.uasset" 688
"../../../Engine/Content/EngineMaterials/FlattenMaterial_WS_Normal_VT.uexp" 689
"../../../Engine/Content/EngineMaterials/FlattenMaterial_VT.uasset" 690
"../../../Engine/Content/EngineMaterials/FlattenMaterial_VT.uexp" 691
"../../../Engine/Content/EngineMaterials/DefaultWhiteGrid_Low.uasset" 692
"../../../Engine/Content/EngineMaterials/DefaultWhiteGrid_Low.uexp" 693
"../../../Engine/Content/EngineMaterials/EmissiveMeshMaterial.uasset" 694
"../../../Engine/Content/EngineMaterials/EmissiveMeshMaterial.uexp" 695
"../../../Engine/Content/EngineFonts/RobotoDistanceField.uasset" 696
"../../../Engine/Content/EngineFonts/RobotoDistanceField.uexp" 697
"../../../Engine/Content/EngineMaterials/DefaultTextMaterialOpaque.uasset" 698
"../../../Engine/Content/EngineMaterials/DefaultTextMaterialOpaque.uexp" 699
"../../../Engine/Content/Functions/Engine_MaterialFunctions02/Utility/BreakOutFloat2Components.uasset" 700
"../../../Engine/Content/Functions/Engine_MaterialFunctions02/Utility/BreakOutFloat2Components.uexp" 701
"../../../Engine/Content/EngineMaterials/DefaultPostProcessMaterial.uasset" 702
"../../../Engine/Content/EngineMaterials/DefaultPostProcessMaterial.uexp" 703
"../../../Engine/Content/EngineMaterials/DefaultLightFunctionMaterial.uasset" 704
"../../../Engine/Content/EngineMaterials/DefaultLightFunctionMaterial.uexp" 705
"../../../Engine/Content/EngineMaterials/DefaultDestructiblePhysicalMaterial.uasset" 706
"../../../Engine/Content/EngineMaterials/DefaultDestructiblePhysicalMaterial.uexp" 707
"../../../Engine/Content/EngineMaterials/DefaultDeferredDecalMaterial.uasset" 708
"../../../Engine/Content/EngineMaterials/DefaultDeferredDecalMaterial.uexp" 709
"../../../Engine/Content/EngineMaterials/DefaultBloomKernel.uasset" 710
"../../../Engine/Content/EngineMaterials/DefaultBloomKernel.uexp" 711
"../../../Engine/Content/EngineFonts/Faces/RobotoLight.uexp" 712
"../../../Engine/Content/EngineFonts/Faces/RobotoLight.uasset" 713
"../../../Engine/Content/EngineFonts/Faces/RobotoLight.ufont" 714
"../../../Engine/Content/EngineFonts/Faces/RobotoBold.uexp" 715
"../../../Engine/Content/EngineFonts/Faces/RobotoBold.uasset" 716
"../../../Engine/Content/EngineFonts/Faces/RobotoBold.ufont" 717
"../../../Engine/Content/EngineFonts/Faces/RobotoRegular.uexp" 718
"../../../Engine/Content/EngineFonts/Faces/RobotoRegular.uasset" 719
"../../../Engine/Content/EngineFonts/Faces/RobotoRegular.ufont" 720
"../../../Engine/Content/EngineFonts/Faces/DroidSansFallback.uexp" 721
"../../../Engine/Content/EngineFonts/Faces/DroidSansFallback.uasset" 722
"../../../Engine/Content/EngineFonts/Faces/DroidSansFallback.ufont" 723
"../../../Engine/Content/EngineFonts/Faces/RobotoItalic.uexp" 724
"../../../Engine/Content/EngineFonts/Faces/RobotoItalic.uasset" 725
"../../../Engine/Content/EngineFonts/Faces/RobotoItalic.ufont" 726
"../../../Engine/Content/EngineFonts/Faces/RobotoBoldItalic.uexp" 727
"../../../Engine/Content/EngineFonts/Faces/RobotoBoldItalic.uasset" 728
"../../../Engine/Content/EngineFonts/Faces/RobotoBoldItalic.ufont" 729
"../../../Engine/Content/EngineFonts/Roboto.uasset" 730
"../../../Engine/Content/EngineFonts/Roboto.uexp" 731
"../../../Engine/Content/EngineDebugMaterials/VolumeToRender.uasset" 732
"../../../Engine/Content/EngineDebugMaterials/VolumeToRender.uexp" 733
"../../../Engine/Content/EngineDebugMaterials/M_VolumeRenderSphereTracePP.uasset" 734
"../../../Engine/Content/EngineDebugMaterials/M_VolumeRenderSphereTracePP.uexp" 735
"../../../Engine/Content/EngineDebugMaterials/M_SimpleUnlitTranslucent.uasset" 736
"../../../Engine/Content/EngineDebugMaterials/M_SimpleUnlitTranslucent.uexp" 737
"../../../Engine/Content/EngineDebugMaterials/DebugMeshMaterial.uasset" 738
"../../../Engine/Content/EngineDebugMaterials/DebugMeshMaterial.uexp" 739
"../../../Engine/Content/EngineDebugMaterials/DebugEditorMaterial.uasset" 740
"../../../Engine/Content/EngineDebugMaterials/DebugEditorMaterial.uexp" 741
"../../../Engine/Content/EngineDamageTypes/DmgTypeBP_Environmental.uasset" 742
"../../../Engine/Content/EngineDamageTypes/DmgTypeBP_Environmental.uexp" 743
"../../../Engine/Content/EditorResources/EmptyActor.uasset" 744
"../../../Engine/Content/EditorResources/EmptyActor.uexp" 745
"../../../Engine/Content/EditorResources/BSPVertex.uasset" 746
"../../../Engine/Content/EditorResources/BSPVertex.uexp" 747
"../../../Engine/Content/EditorMaterials/PreviewShadowIndicator.ubulk" 748
"../../../Engine/Content/EditorMaterials/PreviewShadowIndicator.uasset" 749
"../../../Engine/Content/EditorMaterials/PreviewShadowIndicator.uexp" 750
"../../../Engine/Content/EditorMaterials/PreviewShadowIndicatorMaterial.uasset" 751
"../../../Engine/Content/EditorMaterials/PreviewShadowIndicatorMaterial.uexp" 752
"../../../Engine/Content/EditorMaterials/PhAT_UnselectedMaterial.uasset" 753
"../../../Engine/Content/EditorMaterials/PhAT_UnselectedMaterial.uexp" 754
"../../../Engine/Content/EditorMaterials/PhAT_NoCollisionMaterial.uasset" 755
"../../../Engine/Content/EditorMaterials/PhAT_NoCollisionMaterial.uexp" 756
"../../../Engine/Content/EditorLandscapeResources/DataLayer.uasset" 757
"../../../Engine/Content/EditorLandscapeResources/DataLayer.uexp" 758
"../../../Engine/Content/BasicShapes/Cylinder.ubulk" 759
"../../../Engine/Content/BasicShapes/Cylinder.uasset" 760
"../../../Engine/Content/BasicShapes/Cylinder.uexp" 761
"../../../Engine/Content/BasicShapes/Cone.ubulk" 762
"../../../Engine/Content/BasicShapes/Cone.uasset" 763
"../../../Engine/Content/BasicShapes/Cone.uexp" 764
"../../../Engine/Plugins/Interchange/Runtime/Content/gltf/MaterialFunctions/MF_RotateV2.uasset" 765
"../../../Engine/Plugins/Interchange/Runtime/Content/gltf/MaterialFunctions/MF_RotateV2.uexp" 766
"../../../Engine/Plugins/Interchange/Runtime/Content/gltf/MaterialFunctions/MF_TransformUVs.uasset" 767
"../../../Engine/Plugins/Interchange/Runtime/Content/gltf/MaterialFunctions/MF_TransformUVs.uexp" 768
"../../../Engine/Plugins/Interchange/Runtime/Content/gltf/Textures/T_White_srgb.uasset" 769
"../../../Engine/Plugins/Interchange/Runtime/Content/gltf/Textures/T_White_srgb.uexp" 770
"../../../Engine/Plugins/Interchange/Runtime/Content/gltf/MaterialFunctions/MF_BaseColor.uasset" 771
"../../../Engine/Plugins/Interchange/Runtime/Content/gltf/MaterialFunctions/MF_BaseColor.uexp" 772
"../../../Engine/Plugins/Interchange/Runtime/Content/gltf/MaterialBodies/MF_Unlit_Body.uasset" 773
"../../../Engine/Plugins/Interchange/Runtime/Content/gltf/MaterialBodies/MF_Unlit_Body.uexp" 774
"../../../Engine/Plugins/Interchange/Runtime/Content/gltf/M_Unlit.uasset" 775
"../../../Engine/Plugins/Interchange/Runtime/Content/gltf/M_Unlit.uexp" 776
"../../../Engine/Plugins/Interchange/Runtime/Content/gltf/MaterialInstances/MI_Unlit_Opaque_DS.uasset" 777
"../../../Engine/Plugins/Interchange/Runtime/Content/gltf/MaterialInstances/MI_Unlit_Opaque_DS.uexp" 778
"../../../Engine/Plugins/Interchange/Runtime/Content/gltf/MaterialInstances/MI_Unlit_Opaque.uasset" 779
"../../../Engine/Plugins/Interchange/Runtime/Content/gltf/MaterialInstances/MI_Unlit_Opaque.uexp" 780
"../../../Engine/Plugins/Interchange/Runtime/Content/gltf/MaterialInstances/MI_Unlit_Mask_DS.uasset" 781
"../../../Engine/Plugins/Interchange/Runtime/Content/gltf/MaterialInstances/MI_Unlit_Mask_DS.uexp" 782
"../../../Engine/Plugins/Interchange/Runtime/Content/gltf/MaterialInstances/MI_Unlit_Mask.uasset" 783
"../../../Engine/Plugins/Interchange/Runtime/Content/gltf/MaterialInstances/MI_Unlit_Mask.uexp" 784
"../../../Engine/Plugins/Interchange/Runtime/Content/gltf/MaterialInstances/MI_Unlit_Blend_DS.uasset" 785
"../../../Engine/Plugins/Interchange/Runtime/Content/gltf/MaterialInstances/MI_Unlit_Blend_DS.uexp" 786
"../../../Engine/Plugins/Interchange/Runtime/Content/gltf/MaterialInstances/MI_Unlit_Blend.uasset" 787
"../../../Engine/Plugins/Interchange/Runtime/Content/gltf/MaterialInstances/MI_Unlit_Blend.uexp" 788
"../../../Engine/Plugins/Interchange/Runtime/Content/gltf/MaterialFunctions/MF_Iridescence.uasset" 789
"../../../Engine/Plugins/Interchange/Runtime/Content/gltf/MaterialFunctions/MF_Iridescence.uexp" 790
"../../../Engine/Plugins/Interchange/Runtime/Content/gltf/Textures/T_White_Linear.uasset" 791
"../../../Engine/Plugins/Interchange/Runtime/Content/gltf/Textures/T_White_Linear.uexp" 792
"../../../Engine/Plugins/Interchange/Runtime/Content/gltf/MaterialFunctions/MF_MetallicRoughness.uasset" 793
"../../../Engine/Plugins/Interchange/Runtime/Content/gltf/MaterialFunctions/MF_MetallicRoughness.uexp" 794
"../../../Engine/Plugins/Interchange/Runtime/Content/gltf/MaterialFunctions/MF_Transmission.uasset" 795
"../../../Engine/Plugins/Interchange/Runtime/Content/gltf/MaterialFunctions/MF_Transmission.uexp" 796
"../../../Engine/Plugins/Interchange/Runtime/Content/gltf/MaterialFunctions/MF_Occlusion.uasset" 797
"../../../Engine/Plugins/Interchange/Runtime/Content/gltf/MaterialFunctions/MF_Occlusion.uexp" 798
"../../../Engine/Plugins/Interchange/Runtime/Content/gltf/MaterialFunctions/MF_Specular.uasset" 799
"../../../Engine/Plugins/Interchange/Runtime/Content/gltf/MaterialFunctions/MF_Specular.uexp" 800
"../../../Engine/Plugins/Interchange/Runtime/Content/gltf/MaterialFunctions/MF_IOR.uasset" 801
"../../../Engine/Plugins/Interchange/Runtime/Content/gltf/MaterialFunctions/MF_IOR.uexp" 802
"../../../Engine/Plugins/Interchange/Runtime/Content/gltf/MaterialFunctions/MF_RotateNormals_TS.uasset" 803
"../../../Engine/Plugins/Interchange/Runtime/Content/gltf/MaterialFunctions/MF_RotateNormals_TS.uexp" 804
"../../../Engine/Plugins/Interchange/Runtime/Content/gltf/Textures/T_Generic_N.uasset" 805
"../../../Engine/Plugins/Interchange/Runtime/Content/gltf/Textures/T_Generic_N.uexp" 806
"../../../Engine/Plugins/Interchange/Runtime/Content/gltf/MaterialFunctions/MF_Normals.uasset" 807
"../../../Engine/Plugins/Interchange/Runtime/Content/gltf/MaterialFunctions/MF_Normals.uexp" 808
"../../../Engine/Plugins/Interchange/Runtime/Content/gltf/MaterialBodies/MF_Transmission_Body.uasset" 809
"../../../Engine/Plugins/Interchange/Runtime/Content/gltf/MaterialBodies/MF_Transmission_Body.uexp" 810
"../../../Engine/Plugins/Interchange/Runtime/Content/gltf/M_Transmission.uasset" 811
"../../../Engine/Plugins/Interchange/Runtime/Content/gltf/M_Transmission.uexp" 812
"../../../Engine/Plugins/Interchange/Runtime/Content/gltf/MaterialInstances/MI_Transmission_DS.uasset" 813
"../../../Engine/Plugins/Interchange/Runtime/Content/gltf/MaterialInstances/MI_Transmission_DS.uexp" 814
"../../../Engine/Plugins/Interchange/Runtime/Content/gltf/MaterialInstances/MI_Transmission.uasset" 815
"../../../Engine/Plugins/Interchange/Runtime/Content/gltf/MaterialInstances/MI_Transmission.uexp" 816
"../../../Engine/Plugins/Interchange/Runtime/Content/gltf/MaterialFunctions/MF_DiffuseSpecGloss.uasset" 817
"../../../Engine/Plugins/Interchange/Runtime/Content/gltf/MaterialFunctions/MF_DiffuseSpecGloss.uexp" 818
"../../../Engine/Content/Functions/Engine_MaterialFunctions02/Math/AddComponents.uasset" 819
"../../../Engine/Content/Functions/Engine_MaterialFunctions02/Math/AddComponents.uexp" 820
"../../../Engine/Plugins/Interchange/Runtime/Content/gltf/MaterialFunctions/MF_PerceivedBrightness.uasset" 821
"../../../Engine/Plugins/Interchange/Runtime/Content/gltf/MaterialFunctions/MF_PerceivedBrightness.uexp" 822
"../../../Engine/Plugins/Interchange/Runtime/Content/gltf/MaterialFunctions/MF_Emissive.uasset" 823
"../../../Engine/Plugins/Interchange/Runtime/Content/gltf/MaterialFunctions/MF_Emissive.uexp" 824
"../../../Engine/Plugins/Interchange/Runtime/Content/gltf/MaterialFunctions/MF_SpecGlossToMetalRoughness.uasset" 825
"../../../Engine/Plugins/Interchange/Runtime/Content/gltf/MaterialFunctions/MF_SpecGlossToMetalRoughness.uexp" 826
"../../../Engine/Plugins/Interchange/Runtime/Content/gltf/MaterialBodies/MF_SpecularGlossiness_Body.uasset" 827
"../../../Engine/Plugins/Interchange/Runtime/Content/gltf/MaterialBodies/MF_SpecularGlossiness_Body.uexp" 828
"../../../Engine/Plugins/Interchange/Runtime/Content/gltf/M_SpecularGlossiness.uasset" 829
"../../../Engine/Plugins/Interchange/Runtime/Content/gltf/M_SpecularGlossiness.uexp" 830
"../../../Engine/Plugins/Interchange/Runtime/Content/gltf/MaterialInstances/MI_SpecularGlossiness_Opaque_DS.uasset" 831
"../../../Engine/Plugins/Interchange/Runtime/Content/gltf/MaterialInstances/MI_SpecularGlossiness_Opaque_DS.uexp" 832
"../../../Engine/Plugins/Interchange/Runtime/Content/gltf/MaterialInstances/MI_SpecularGlossiness_Opaque.uasset" 833
"../../../Engine/Plugins/Interchange/Runtime/Content/gltf/MaterialInstances/MI_SpecularGlossiness_Opaque.uexp" 834
"../../../Engine/Plugins/Interchange/Runtime/Content/gltf/MaterialInstances/MI_SpecularGlossiness_Mask_DS.uasset" 835
"../../../Engine/Plugins/Interchange/Runtime/Content/gltf/MaterialInstances/MI_SpecularGlossiness_Mask_DS.uexp" 836
"../../../Engine/Plugins/Interchange/Runtime/Content/gltf/MaterialInstances/MI_SpecularGlossiness_Mask.uasset" 837
"../../../Engine/Plugins/Interchange/Runtime/Content/gltf/MaterialInstances/MI_SpecularGlossiness_Mask.uexp" 838
"../../../Engine/Plugins/Interchange/Runtime/Content/gltf/MaterialInstances/MI_SpecularGlossiness_Blend_DS.uasset" 839
"../../../Engine/Plugins/Interchange/Runtime/Content/gltf/MaterialInstances/MI_SpecularGlossiness_Blend_DS.uexp" 840
"../../../Engine/Plugins/Interchange/Runtime/Content/gltf/MaterialInstances/MI_SpecularGlossiness_Blend.uasset" 841
"../../../Engine/Plugins/Interchange/Runtime/Content/gltf/MaterialInstances/MI_SpecularGlossiness_Blend.uexp" 842
"../../../Engine/Plugins/Interchange/Runtime/Content/gltf/MaterialFunctions/MF_Sheen.uasset" 843
"../../../Engine/Plugins/Interchange/Runtime/Content/gltf/MaterialFunctions/MF_Sheen.uexp" 844
"../../../Engine/Plugins/Interchange/Runtime/Content/gltf/MaterialBodies/MF_Sheen_Body.uasset" 845
"../../../Engine/Plugins/Interchange/Runtime/Content/gltf/MaterialBodies/MF_Sheen_Body.uexp" 846
"../../../Engine/Plugins/Interchange/Runtime/Content/gltf/M_Sheen.uasset" 847
"../../../Engine/Plugins/Interchange/Runtime/Content/gltf/M_Sheen.uexp" 848
"../../../Engine/Plugins/Interchange/Runtime/Content/gltf/MaterialInstances/MI_Sheen_Opaque_DS.uasset" 849
"../../../Engine/Plugins/Interchange/Runtime/Content/gltf/MaterialInstances/MI_Sheen_Opaque_DS.uexp" 850
"../../../Engine/Plugins/Interchange/Runtime/Content/gltf/MaterialInstances/MI_Sheen_Opaque.uasset" 851
"../../../Engine/Plugins/Interchange/Runtime/Content/gltf/MaterialInstances/MI_Sheen_Opaque.uexp" 852
"../../../Engine/Plugins/Interchange/Runtime/Content/gltf/MaterialInstances/MI_Sheen_Mask_DS.uasset" 853
"../../../Engine/Plugins/Interchange/Runtime/Content/gltf/MaterialInstances/MI_Sheen_Mask_DS.uexp" 854
"../../../Engine/Plugins/Interchange/Runtime/Content/gltf/MaterialInstances/MI_Sheen_Mask.uasset" 855
"../../../Engine/Plugins/Interchange/Runtime/Content/gltf/MaterialInstances/MI_Sheen_Mask.uexp" 856
"../../../Engine/Plugins/Interchange/Runtime/Content/gltf/MaterialInstances/MI_Sheen_Blend_DS.uasset" 857
"../../../Engine/Plugins/Interchange/Runtime/Content/gltf/MaterialInstances/MI_Sheen_Blend_DS.uexp" 858
"../../../Engine/Plugins/Interchange/Runtime/Content/gltf/MaterialInstances/MI_Sheen_Blend.uasset" 859
"../../../Engine/Plugins/Interchange/Runtime/Content/gltf/MaterialInstances/MI_Sheen_Blend.uexp" 860
"../../../Engine/Plugins/Interchange/Runtime/Content/gltf/MaterialBodies/MF_Default_Body.uasset" 861
"../../../Engine/Plugins/Interchange/Runtime/Content/gltf/MaterialBodies/MF_Default_Body.uexp" 862
"../../../Engine/Plugins/Interchange/Runtime/Content/gltf/M_Default.uasset" 863
"../../../Engine/Plugins/Interchange/Runtime/Content/gltf/M_Default.uexp" 864
"../../../Engine/Plugins/Interchange/Runtime/Content/gltf/MaterialInstances/MI_Default_Opaque_DS.uasset" 865
"../../../Engine/Plugins/Interchange/Runtime/Content/gltf/MaterialInstances/MI_Default_Opaque_DS.uexp" 866
"../../../Engine/Plugins/Interchange/Runtime/Content/gltf/MaterialInstances/MI_Default_Opaque.uasset" 867
"../../../Engine/Plugins/Interchange/Runtime/Content/gltf/MaterialInstances/MI_Default_Opaque.uexp" 868
"../../../Engine/Plugins/Interchange/Runtime/Content/gltf/MaterialInstances/MI_Default_Mask_DS.uasset" 869
"../../../Engine/Plugins/Interchange/Runtime/Content/gltf/MaterialInstances/MI_Default_Mask_DS.uexp" 870
"../../../Engine/Plugins/Interchange/Runtime/Content/gltf/MaterialInstances/MI_Default_Mask.uasset" 871
"../../../Engine/Plugins/Interchange/Runtime/Content/gltf/MaterialInstances/MI_Default_Mask.uexp" 872
"../../../Engine/Plugins/Interchange/Runtime/Content/gltf/MaterialInstances/MI_Default_Blend_DS.uasset" 873
"../../../Engine/Plugins/Interchange/Runtime/Content/gltf/MaterialInstances/MI_Default_Blend_DS.uexp" 874
"../../../Engine/Plugins/Interchange/Runtime/Content/gltf/MaterialInstances/MI_Default_Blend.uasset" 875
"../../../Engine/Plugins/Interchange/Runtime/Content/gltf/MaterialInstances/MI_Default_Blend.uexp" 876
"../../../Engine/Plugins/Interchange/Runtime/Content/gltf/MaterialFunctions/MF_Clearcoat.uasset" 877
"../../../Engine/Plugins/Interchange/Runtime/Content/gltf/MaterialFunctions/MF_Clearcoat.uexp" 878
"../../../Engine/Plugins/Interchange/Runtime/Content/gltf/MaterialBodies/MF_ClearCoat_Body.uasset" 879
"../../../Engine/Plugins/Interchange/Runtime/Content/gltf/MaterialBodies/MF_ClearCoat_Body.uexp" 880
"../../../Engine/Plugins/Interchange/Runtime/Content/gltf/M_ClearCoat.uasset" 881
"../../../Engine/Plugins/Interchange/Runtime/Content/gltf/M_ClearCoat.uexp" 882
"../../../Engine/Plugins/Interchange/Runtime/Content/gltf/MaterialInstances/MI_ClearCoat_Opaque_DS.uasset" 883
"../../../Engine/Plugins/Interchange/Runtime/Content/gltf/MaterialInstances/MI_ClearCoat_Opaque_DS.uexp" 884
"../../../Engine/Plugins/Interchange/Runtime/Content/gltf/MaterialInstances/MI_ClearCoat_Opaque.uasset" 885
"../../../Engine/Plugins/Interchange/Runtime/Content/gltf/MaterialInstances/MI_ClearCoat_Opaque.uexp" 886
"../../../Engine/Plugins/Interchange/Runtime/Content/gltf/MaterialInstances/MI_ClearCoat_Mask_DS.uasset" 887
"../../../Engine/Plugins/Interchange/Runtime/Content/gltf/MaterialInstances/MI_ClearCoat_Mask_DS.uexp" 888
"../../../Engine/Plugins/Interchange/Runtime/Content/gltf/MaterialInstances/MI_ClearCoat_Mask.uasset" 889
"../../../Engine/Plugins/Interchange/Runtime/Content/gltf/MaterialInstances/MI_ClearCoat_Mask.uexp" 890
"../../../Engine/Plugins/Interchange/Runtime/Content/gltf/MaterialInstances/MI_ClearCoat_Blend_DS.uasset" 891
"../../../Engine/Plugins/Interchange/Runtime/Content/gltf/MaterialInstances/MI_ClearCoat_Blend_DS.uexp" 892
"../../../Engine/Plugins/Interchange/Runtime/Content/gltf/MaterialInstances/MI_ClearCoat_Blend.uasset" 893
"../../../Engine/Plugins/Interchange/Runtime/Content/gltf/MaterialInstances/MI_ClearCoat_Blend.uexp" 894
"../../../Engine/Plugins/Enterprise/DatasmithContent/Content/Materials/_common/Textures/T_GenericBrickGlass_M.ubulk" 895
"../../../Engine/Plugins/Enterprise/DatasmithContent/Content/Materials/_common/Textures/T_GenericBrickGlass_M.uasset" 896
"../../../Engine/Plugins/Enterprise/DatasmithContent/Content/Materials/_common/Textures/T_GenericBrickGlass_M.uexp" 897
"../../../Engine/Plugins/Enterprise/DatasmithContent/Content/Materials/_common/Textures/T_Generic_N.uasset" 898
"../../../Engine/Plugins/Enterprise/DatasmithContent/Content/Materials/_common/Textures/T_Generic_N.uexp" 899
"../../../Engine/Plugins/Enterprise/DatasmithContent/Content/Materials/_common/MaterialFunctions/MF_Triplanar_NormalsCorrection.uasset" 900
"../../../Engine/Plugins/Enterprise/DatasmithContent/Content/Materials/_common/MaterialFunctions/MF_Triplanar_NormalsCorrection.uexp" 901
"../../../Engine/Plugins/Enterprise/DatasmithContent/Content/Materials/_common/MaterialFunctions/BaseModules/MF_Normals.uasset" 902
"../../../Engine/Plugins/Enterprise/DatasmithContent/Content/Materials/_common/MaterialFunctions/BaseModules/MF_Normals.uexp" 903
"../../../Engine/Plugins/Enterprise/DatasmithContent/Content/Materials/_common/MaterialFunctions/MF_RotateV2.uasset" 904
"../../../Engine/Plugins/Enterprise/DatasmithContent/Content/Materials/_common/MaterialFunctions/MF_RotateV2.uexp" 905
"../../../Engine/Plugins/Enterprise/DatasmithContent/Content/Materials/_common/MaterialFunctions/MF_TransUVs.uasset" 906
"../../../Engine/Plugins/Enterprise/DatasmithContent/Content/Materials/_common/MaterialFunctions/MF_TransUVs.uexp" 907
"../../../Engine/Plugins/Enterprise/DatasmithContent/Content/Materials/_common/MaterialFunctions/BaseModules/MF_TransformUVs.uasset" 908
"../../../Engine/Plugins/Enterprise/DatasmithContent/Content/Materials/_common/MaterialFunctions/BaseModules/MF_TransformUVs.uexp" 909
"../../../Engine/Plugins/Enterprise/DatasmithContent/Content/Materials/StdTranslucent/MFAttr_StdTranslucent.uasset" 910
"../../../Engine/Plugins/Enterprise/DatasmithContent/Content/Materials/StdTranslucent/MFAttr_StdTranslucent.uexp" 911
"../../../Engine/Content/Functions/Engine_MaterialFunctions02/WorldPositionOffset/LocalPosition.uasset" 912
"../../../Engine/Content/Functions/Engine_MaterialFunctions02/WorldPositionOffset/LocalPosition.uexp" 913
"../../../Engine/Plugins/Enterprise/DatasmithContent/Content/Materials/_common/MaterialFunctions/MF_Triplanar_Mask.uasset" 914
"../../../Engine/Plugins/Enterprise/DatasmithContent/Content/Materials/_common/MaterialFunctions/MF_Triplanar_Mask.uexp" 915
"../../../Engine/Plugins/Enterprise/DatasmithContent/Content/Materials/_common/MaterialFunctions/MF_TriplanerProj.uasset" 916
"../../../Engine/Plugins/Enterprise/DatasmithContent/Content/Materials/_common/MaterialFunctions/MF_TriplanerProj.uexp" 917
"../../../Engine/Plugins/Enterprise/DatasmithContent/Content/Materials/StdTranslucent/M_StdTranslucent.uasset" 918
"../../../Engine/Plugins/Enterprise/DatasmithContent/Content/Materials/StdTranslucent/M_StdTranslucent.uexp" 919
"../../../Engine/Content/Functions/Engine_MaterialFunctions02/Math/InverseTransformMatrix.uasset" 920
"../../../Engine/Content/Functions/Engine_MaterialFunctions02/Math/InverseTransformMatrix.uexp" 921
"../../../Engine/Plugins/Enterprise/DatasmithContent/Content/Materials/_common/MaterialFunctions/MF_ViewTrace_DerivedTan.uasset" 922
"../../../Engine/Plugins/Enterprise/DatasmithContent/Content/Materials/_common/MaterialFunctions/MF_ViewTrace_DerivedTan.uexp" 923
"../../../Engine/Plugins/Enterprise/DatasmithContent/Content/Materials/_common/MaterialFunctions/RayTracing/MF_RTSwitch.uasset" 924
"../../../Engine/Plugins/Enterprise/DatasmithContent/Content/Materials/_common/MaterialFunctions/RayTracing/MF_RTSwitch.uexp" 925
"../../../Engine/Plugins/Enterprise/DatasmithContent/Content/Materials/_common/MaterialFunctions/MF_ViewTrace_InternalTan.uasset" 926
"../../../Engine/Plugins/Enterprise/DatasmithContent/Content/Materials/_common/MaterialFunctions/MF_ViewTrace_InternalTan.uexp" 927
"../../../Engine/Plugins/Enterprise/DatasmithContent/Content/Materials/_common/Textures/T_Generic_H.uasset" 928
"../../../Engine/Plugins/Enterprise/DatasmithContent/Content/Materials/_common/Textures/T_Generic_H.uexp" 929
"../../../Engine/Plugins/Enterprise/DatasmithContent/Content/Materials/_common/MaterialFunctions/BaseModules/MF_ParallaxOcc.uasset" 930
"../../../Engine/Plugins/Enterprise/DatasmithContent/Content/Materials/_common/MaterialFunctions/BaseModules/MF_ParallaxOcc.uexp" 931
"../../../Engine/Plugins/Enterprise/DatasmithContent/Content/Materials/_common/Textures/T_Generic_BC.uasset" 932
"../../../Engine/Plugins/Enterprise/DatasmithContent/Content/Materials/_common/Textures/T_Generic_BC.uexp" 933
"../../../Engine/Plugins/Enterprise/DatasmithContent/Content/Materials/_common/Textures/T_Generic_M.uasset" 934
"../../../Engine/Plugins/Enterprise/DatasmithContent/Content/Materials/_common/Textures/T_Generic_M.uexp" 935
"../../../Engine/Plugins/Enterprise/DatasmithContent/Content/Materials/_common/MaterialFunctions/BaseModules/MF_BaseColor.uasset" 936
"../../../Engine/Plugins/Enterprise/DatasmithContent/Content/Materials/_common/MaterialFunctions/BaseModules/MF_BaseColor.uexp" 937
"../../../Engine/Plugins/Enterprise/DatasmithContent/Content/Materials/_common/Textures/T_Generic_E.uasset" 938
"../../../Engine/Plugins/Enterprise/DatasmithContent/Content/Materials/_common/Textures/T_Generic_E.uexp" 939
"../../../Engine/Plugins/Enterprise/DatasmithContent/Content/Materials/_common/MaterialFunctions/BaseModules/MF_Emissive.uasset" 940
"../../../Engine/Plugins/Enterprise/DatasmithContent/Content/Materials/_common/MaterialFunctions/BaseModules/MF_Emissive.uexp" 941
"../../../Engine/Plugins/Enterprise/DatasmithContent/Content/Materials/_common/Textures/T_Generic_MT.uasset" 942
"../../../Engine/Plugins/Enterprise/DatasmithContent/Content/Materials/_common/Textures/T_Generic_MT.uexp" 943
"../../../Engine/Plugins/Enterprise/DatasmithContent/Content/Materials/_common/MaterialFunctions/BaseModules/MF_Metallic.uasset" 944
"../../../Engine/Plugins/Enterprise/DatasmithContent/Content/Materials/_common/MaterialFunctions/BaseModules/MF_Metallic.uexp" 945
"../../../Engine/Plugins/Enterprise/DatasmithContent/Content/Materials/_common/Textures/T_GenericHalfGray_R.uasset" 946
"../../../Engine/Plugins/Enterprise/DatasmithContent/Content/Materials/_common/Textures/T_GenericHalfGray_R.uexp" 947
"../../../Engine/Plugins/Enterprise/DatasmithContent/Content/Materials/_common/MaterialFunctions/BaseModules/MF_Roughness.uasset" 948
"../../../Engine/Plugins/Enterprise/DatasmithContent/Content/Materials/_common/MaterialFunctions/BaseModules/MF_Roughness.uexp" 949
"../../../Engine/Plugins/Enterprise/DatasmithContent/Content/Materials/StdOpaque/MFAttr_StdOpaque.uasset" 950
"../../../Engine/Plugins/Enterprise/DatasmithContent/Content/Materials/StdOpaque/MFAttr_StdOpaque.uexp" 951
"../../../Engine/Plugins/Enterprise/DatasmithContent/Content/Materials/StdOpaque/M_StdOpaque.uasset" 952
"../../../Engine/Plugins/Enterprise/DatasmithContent/Content/Materials/StdOpaque/M_StdOpaque.uexp" 953
"../../../Engine/Plugins/Enterprise/DatasmithContent/Content/Materials/StdEmissive/MFAttr_Emissive.uasset" 954
"../../../Engine/Plugins/Enterprise/DatasmithContent/Content/Materials/StdEmissive/MFAttr_Emissive.uexp" 955
"../../../Engine/Plugins/Enterprise/DatasmithContent/Content/Materials/StdEmissive/M_StdEmissive.uasset" 956
"../../../Engine/Plugins/Enterprise/DatasmithContent/Content/Materials/StdEmissive/M_StdEmissive.uexp" 957
"../../../Engine/Plugins/Enterprise/DatasmithContent/Content/Materials/StdDecal/MFAttr_Decal.uasset" 958
"../../../Engine/Plugins/Enterprise/DatasmithContent/Content/Materials/StdDecal/MFAttr_Decal.uexp" 959
"../../../Engine/Plugins/Enterprise/DatasmithContent/Content/Materials/StdDecal/M_StdDecal.uasset" 960
"../../../Engine/Plugins/Enterprise/DatasmithContent/Content/Materials/StdDecal/M_StdDecal.uexp" 961
"../../../Engine/Plugins/Enterprise/DatasmithContent/Content/Materials/FBXImporter/DeltaGenUVEdit.uasset" 962
"../../../Engine/Plugins/Enterprise/DatasmithContent/Content/Materials/FBXImporter/DeltaGenUVEdit.uexp" 963
"../../../Engine/Plugins/Enterprise/DatasmithContent/Content/Materials/FBXImporter/DeltaGenBase.uasset" 964
"../../../Engine/Plugins/Enterprise/DatasmithContent/Content/Materials/FBXImporter/DeltaGenBase.uexp" 965
"../../../Engine/Content/EngineResources/DefaultTexture.ubulk" 966
"../../../Engine/Content/EngineResources/DefaultTexture.uasset" 967
"../../../Engine/Content/EngineResources/DefaultTexture.uexp" 968
"../../../Engine/Plugins/Enterprise/DatasmithContent/Content/Materials/FBXImporter/DeltaGenReferenceTransparent.uasset" 969
"../../../Engine/Plugins/Enterprise/DatasmithContent/Content/Materials/FBXImporter/DeltaGenReferenceTransparent.uexp" 970
"../../../Engine/Plugins/Enterprise/DatasmithContent/Content/Materials/FBXImporter/DeltaGenReference.uasset" 971
"../../../Engine/Plugins/Enterprise/DatasmithContent/Content/Materials/FBXImporter/DeltaGenReference.uexp" 972
"../../../Engine/Content/EngineSky/VolumetricClouds/CloudWeatherTexture.uasset" 973
"../../../Engine/Content/EngineSky/VolumetricClouds/CloudWeatherTexture.uexp" 974
"../../../Engine/Content/Functions/Engine_MaterialFunctions02/Utility/MakeFloat2.uasset" 975
"../../../Engine/Content/Functions/Engine_MaterialFunctions02/Utility/MakeFloat2.uexp" 976
"../../../Engine/Content/EngineSky/VolumetricClouds/CloudGradientTexture.uasset" 977
"../../../Engine/Content/EngineSky/VolumetricClouds/CloudGradientTexture.uexp" 978
"../../../Engine/Content/EngineSky/VolumetricClouds/T_NoiseShape64.ubulk" 979
"../../../Engine/Content/EngineSky/VolumetricClouds/T_NoiseShape64.uasset" 980
"../../../Engine/Content/EngineSky/VolumetricClouds/T_NoiseShape64.uexp" 981
"../../../Engine/Content/EngineSky/VolumetricClouds/T_VolumeNoiseShape64.uasset" 982
"../../../Engine/Content/EngineSky/VolumetricClouds/T_VolumeNoiseShape64.uexp" 983
"../../../Engine/Content/EngineSky/VolumetricClouds/T_NoiseErosion.ubulk" 984
"../../../Engine/Content/EngineSky/VolumetricClouds/T_NoiseErosion.uasset" 985
"../../../Engine/Content/EngineSky/VolumetricClouds/T_NoiseErosion.uexp" 986
"../../../Engine/Content/EngineSky/VolumetricClouds/T_VolumeNoiseErosion32.uasset" 987
"../../../Engine/Content/EngineSky/VolumetricClouds/T_VolumeNoiseErosion32.uexp" 988
"../../../Engine/Content/EngineSky/VolumetricClouds/m_SimpleVolumetricCloud.uasset" 989
"../../../Engine/Content/EngineSky/VolumetricClouds/m_SimpleVolumetricCloud.uexp" 990
"../../../Engine/Content/EngineSky/VolumetricClouds/m_SimpleVolumetricCloud_Inst.uasset" 991
"../../../Engine/Content/EngineSky/VolumetricClouds/m_SimpleVolumetricCloud_Inst.uexp" 992
"../../../Engine/Content/EngineResources/FilmGrains/Marcie_Grain_v3_128_M2_000.uasset" 993
"../../../Engine/Content/EngineResources/FilmGrains/Marcie_Grain_v3_128_M2_000.uexp" 994
"../../../Engine/Content/EditorResources/SequenceRecorder/RecordingIndicator.uasset" 995
"../../../Engine/Content/EditorResources/SequenceRecorder/RecordingIndicator.uexp" 996
"../../../Engine/Content/EditorResources/SequenceRecorder/Countdown.uasset" 997
"../../../Engine/Content/EditorResources/SequenceRecorder/Countdown.uexp" 998
"../../../Engine/Content/EditorMaterials/Dataflow/DataflowVertexMaterial.uasset" 999
"../../../Engine/Content/EditorMaterials/Dataflow/DataflowVertexMaterial.uexp" 1000
"C:/24ci0204/BreakCityByDragon/Content/VRTemplate/VFX/NPC_VRTemplate.uasset" 1001
"C:/24ci0204/BreakCityByDragon/Content/VRTemplate/VFX/NPC_VRTemplate.uexp" 1002
"C:/24ci0204/BreakCityByDragon/Content/VRTemplate/Input/Actions/Dragon/IA_ESC.uasset" 1003
"C:/24ci0204/BreakCityByDragon/Content/VRTemplate/Input/Actions/Dragon/IA_ESC.uexp" 1004
"C:/24ci0204/BreakCityByDragon/Content/VRTemplate/Input/Actions/Dragon/IA_DragonLook.uasset" 1005
"C:/24ci0204/BreakCityByDragon/Content/VRTemplate/Input/Actions/Dragon/IA_DragonLook.uexp" 1006
"C:/24ci0204/BreakCityByDragon/Content/VRTemplate/Input/Actions/Dragon/IA_DragonMove.uasset" 1007
"C:/24ci0204/BreakCityByDragon/Content/VRTemplate/Input/Actions/Dragon/IA_DragonMove.uexp" 1008
"C:/24ci0204/BreakCityByDragon/Content/VRTemplate/Input/Actions/Dragon/IA_DragonFire.uasset" 1009
"C:/24ci0204/BreakCityByDragon/Content/VRTemplate/Input/Actions/Dragon/IA_DragonFire.uexp" 1010
"C:/24ci0204/BreakCityByDragon/Content/VRTemplate/Input/IMC_VRDragon.uasset" 1011
"C:/24ci0204/BreakCityByDragon/Content/VRTemplate/Input/IMC_VRDragon.uexp" 1012
"../../../Engine/Content/Functions/MaterialLayerFunctions/MatLayerBlend_Standard.uasset" 1013
"../../../Engine/Content/Functions/MaterialLayerFunctions/MatLayerBlend_Standard.uexp" 1014
"../../../Engine/Content/EditorShapes/Textures/T_ShapeNormal.ubulk" 1015
"../../../Engine/Content/EditorShapes/Textures/T_ShapeNormal.uasset" 1016
"../../../Engine/Content/EditorShapes/Textures/T_ShapeNormal.uexp" 1017
"../../../Engine/Plugins/Enterprise/DatasmithContent/Content/Materials/FBXImporter/VRED/VREDRepeatMode.uasset" 1018
"../../../Engine/Plugins/Enterprise/DatasmithContent/Content/Materials/FBXImporter/VRED/VREDRepeatMode.uexp" 1019
"../../../Engine/Plugins/Enterprise/DatasmithContent/Content/Materials/FBXImporter/VRED/PlanarMapping.uasset" 1020
"../../../Engine/Plugins/Enterprise/DatasmithContent/Content/Materials/FBXImporter/VRED/PlanarMapping.uexp" 1021
"../../../Engine/Plugins/Enterprise/DatasmithContent/Content/Materials/FBXImporter/VRED/UVMapping.uasset" 1022
"../../../Engine/Plugins/Enterprise/DatasmithContent/Content/Materials/FBXImporter/VRED/UVMapping.uexp" 1023
"../../../Engine/Plugins/Enterprise/DatasmithContent/Content/Materials/FBXImporter/VRED/TriplanarMapping.uasset" 1024
"../../../Engine/Plugins/Enterprise/DatasmithContent/Content/Materials/FBXImporter/VRED/TriplanarMapping.uexp" 1025
"../../../Engine/Plugins/Enterprise/DatasmithContent/Content/Materials/FBXImporter/VRED/VREDTextureRead.uasset" 1026
"../../../Engine/Plugins/Enterprise/DatasmithContent/Content/Materials/FBXImporter/VRED/VREDTextureRead.uexp" 1027
"../../../Engine/Content/Functions/Engine_MaterialFunctions02/Fresnel_Function.uasset" 1028
"../../../Engine/Content/Functions/Engine_MaterialFunctions02/Fresnel_Function.uexp" 1029
"../../../Engine/Content/Functions/Engine_MaterialFunctions01/Texturing/BakedDisplacement.uasset" 1030
"../../../Engine/Content/Functions/Engine_MaterialFunctions01/Texturing/BakedDisplacement.uexp" 1031
"../../../Engine/Plugins/Enterprise/DatasmithContent/Content/Materials/FBXImporter/VRED/UnicolorCarpaint.uasset" 1032
"../../../Engine/Plugins/Enterprise/DatasmithContent/Content/Materials/FBXImporter/VRED/UnicolorCarpaint.uexp" 1033
"../../../Engine/Plugins/Enterprise/DatasmithContent/Content/Materials/FBXImporter/VRED/ProcessNormal.uasset" 1034
"../../../Engine/Plugins/Enterprise/DatasmithContent/Content/Materials/FBXImporter/VRED/ProcessNormal.uexp" 1035
"../../../Engine/Plugins/Enterprise/DatasmithContent/Content/Materials/FBXImporter/VRED/Plastic.uasset" 1036
"../../../Engine/Plugins/Enterprise/DatasmithContent/Content/Materials/FBXImporter/VRED/Plastic.uexp" 1037
"../../../Engine/Plugins/Enterprise/DatasmithContent/Content/Materials/FBXImporter/VRED/Phong.uasset" 1038
"../../../Engine/Plugins/Enterprise/DatasmithContent/Content/Materials/FBXImporter/VRED/Phong.uexp" 1039
"../../../Engine/Content/Functions/Engine_MaterialFunctions02/ExampleContent/DebugNumberStrip.uasset" 1040
"../../../Engine/Content/Functions/Engine_MaterialFunctions02/ExampleContent/DebugNumberStrip.uexp" 1041
"../../../Engine/Content/Functions/Engine_MaterialFunctions01/Texturing/ComputeMipLevel.uasset" 1042
"../../../Engine/Content/Functions/Engine_MaterialFunctions01/Texturing/ComputeMipLevel.uexp" 1043
"../../../Engine/Content/Functions/Engine_MaterialFunctions01/Texturing/TextureCropping.uasset" 1044
"../../../Engine/Content/Functions/Engine_MaterialFunctions01/Texturing/TextureCropping.uexp" 1045
"../../../Engine/Content/Functions/Engine_MaterialFunctions02/ExampleContent/Textures/DebugNumberPeriod.uasset" 1046
"../../../Engine/Content/Functions/Engine_MaterialFunctions02/ExampleContent/Textures/DebugNumberPeriod.uexp" 1047
"../../../Engine/Content/Functions/Engine_MaterialFunctions02/Utility/DebugScalarValues.uasset" 1048
"../../../Engine/Content/Functions/Engine_MaterialFunctions02/Utility/DebugScalarValues.uexp" 1049
"../../../Engine/Content/Functions/Engine_MaterialFunctions02/Utility/DebugFloat3Values.uasset" 1050
"../../../Engine/Content/Functions/Engine_MaterialFunctions02/Utility/DebugFloat3Values.uexp" 1051
"../../../Engine/Content/Functions/Engine_MaterialFunctions02/Math/RGBtoHSV.uasset" 1052
"../../../Engine/Content/Functions/Engine_MaterialFunctions02/Math/RGBtoHSV.uexp" 1053
"../../../Engine/Plugins/Enterprise/DatasmithContent/Content/Materials/FBXImporter/VRED/Glass.uasset" 1054
"../../../Engine/Plugins/Enterprise/DatasmithContent/Content/Materials/FBXImporter/VRED/Glass.uexp" 1055
"../../../Engine/Plugins/Enterprise/DatasmithContent/Content/Materials/FBXImporter/VRED/Chrome.uasset" 1056
"../../../Engine/Plugins/Enterprise/DatasmithContent/Content/Materials/FBXImporter/VRED/Chrome.uexp" 1057
"../../../Engine/Content/Functions/MaterialLayerFunctions/MatLayerBlend_Simple.uasset" 1058
"../../../Engine/Content/Functions/MaterialLayerFunctions/MatLayerBlend_Simple.uexp" 1059
"../../../Engine/Plugins/Enterprise/DatasmithContent/Content/Materials/FBXImporter/VRED/BrushedMetal.uasset" 1060
"../../../Engine/Plugins/Enterprise/DatasmithContent/Content/Materials/FBXImporter/VRED/BrushedMetal.uexp" 1061
"../../../Engine/Content/Functions/Engine_MaterialFunctions01/Shading/PowerToRoughness.uasset" 1062
"../../../Engine/Content/Functions/Engine_MaterialFunctions01/Shading/PowerToRoughness.uexp" 1063
"../../../Engine/Content/Functions/Engine_MaterialFunctions01/Shading/ConvertFromDiffSpec.uasset" 1064
"../../../Engine/Content/Functions/Engine_MaterialFunctions01/Shading/ConvertFromDiffSpec.uexp" 1065
"../../../Engine/Content/EngineMaterials/Substrate/Volume/SubstrateSimpleVolumeLUT3D.uasset" 1066
"../../../Engine/Content/EngineMaterials/Substrate/Volume/SubstrateSimpleVolumeLUT3D.uexp" 1067
"../../../Engine/Content/EngineMaterials/Substrate/Volume/SubstrateSimpleVolumeEnvLUT3D.uasset" 1068
"../../../Engine/Content/EngineMaterials/Substrate/Volume/SubstrateSimpleVolumeEnvLUT3D.uexp" 1069
"../../../Engine/Content/EngineMaterials/Substrate/GLints2/AGlintTex2dArray2.uasset" 1070
"../../../Engine/Content/EngineMaterials/Substrate/GLints2/AGlintTex2dArray2.uexp" 1071
"../../../Engine/Content/EngineMaterials/Substrate/GLints/AGlintTex2dArray.uasset" 1072
"../../../Engine/Content/EngineMaterials/Substrate/GLints/AGlintTex2dArray.uexp" 1073
"../../../Engine/Content/Maps/Entry_BuiltData.uasset" 1074
"../../../Engine/Content/Maps/Entry_BuiltData.uexp" 1075
"../../../Engine/Content/Maps/Entry.uexp" 1076
"../../../Engine/Content/Maps/Entry.umap" 1077
"C:/24ci0204/BreakCityByDragon/Content/Onishi/Level/Onishi_Result_BuiltData.ubulk" 1078
"C:/24ci0204/BreakCityByDragon/Content/Onishi/Level/Onishi_Result_BuiltData.uasset" 1079
"C:/24ci0204/BreakCityByDragon/Content/Onishi/Level/Onishi_Result_BuiltData.uexp" 1080
"C:/24ci0204/BreakCityByDragon/Content/Onishi/Sound/BGM_Result.ubulk" 1081
"C:/24ci0204/BreakCityByDragon/Content/Onishi/Sound/BGM_Result.uasset" 1082
"C:/24ci0204/BreakCityByDragon/Content/Onishi/Sound/BGM_Result.uexp" 1083
"C:/24ci0204/BreakCityByDragon/Content/Onishi/Sound/Result_BGM_Queue.uasset" 1084
"C:/24ci0204/BreakCityByDragon/Content/Onishi/Sound/Result_BGM_Queue.uexp" 1085
"C:/24ci0204/BreakCityByDragon/Content/VRTemplate/Textures/T_Grid.ubulk" 1086
"C:/24ci0204/BreakCityByDragon/Content/VRTemplate/Textures/T_Grid.uasset" 1087
"C:/24ci0204/BreakCityByDragon/Content/VRTemplate/Textures/T_Grid.uexp" 1088
"../../../Engine/Content/Functions/Engine_MaterialFunctions02/Utility/AppendMany.uasset" 1089
"../../../Engine/Content/Functions/Engine_MaterialFunctions02/Utility/AppendMany.uexp" 1090
"../../../Engine/Content/Functions/Engine_MaterialFunctions01/Gradient/LinearGradient.uasset" 1091
"../../../Engine/Content/Functions/Engine_MaterialFunctions01/Gradient/LinearGradient.uexp" 1092
"../../../Engine/Content/Functions/Engine_MaterialFunctions01/ImageAdjustment/CheapContrast.uasset" 1093
"../../../Engine/Content/Functions/Engine_MaterialFunctions01/ImageAdjustment/CheapContrast.uexp" 1094
"../../../Engine/Content/Functions/Engine_MaterialFunctions01/Texturing/WorldAlignedTexture.uasset" 1095
"../../../Engine/Content/Functions/Engine_MaterialFunctions01/Texturing/WorldAlignedTexture.uexp" 1096
"C:/24ci0204/BreakCityByDragon/Content/VRTemplate/Materials/M_GridRotation.uasset" 1097
"C:/24ci0204/BreakCityByDragon/Content/VRTemplate/Materials/M_GridRotation.uexp" 1098
"C:/24ci0204/BreakCityByDragon/Content/VRTemplate/Materials/MI_Grid_Default.uasset" 1099
"C:/24ci0204/BreakCityByDragon/Content/VRTemplate/Materials/MI_Grid_Default.uexp" 1100
"../../../Engine/Content/EngineSky/T_Sky_Stars.ubulk" 1101
"../../../Engine/Content/EngineSky/T_Sky_Stars.uasset" 1102
"../../../Engine/Content/EngineSky/T_Sky_Stars.uexp" 1103
"../../../Engine/Content/EngineSky/T_Sky_Clouds_M.ubulk" 1104
"../../../Engine/Content/EngineSky/T_Sky_Clouds_M.uasset" 1105
"../../../Engine/Content/EngineSky/T_Sky_Clouds_M.uexp" 1106
"../../../Engine/Content/EngineSky/T_Sky_Blue.ubulk" 1107
"../../../Engine/Content/EngineSky/T_Sky_Blue.uasset" 1108
"../../../Engine/Content/EngineSky/T_Sky_Blue.uexp" 1109
"../../../Engine/Content/EngineSky/M_Sky_Panning_Clouds2.uasset" 1110
"../../../Engine/Content/EngineSky/M_Sky_Panning_Clouds2.uexp" 1111
"../../../Engine/Content/EngineSky/SM_SkySphere.ubulk" 1112
"../../../Engine/Content/EngineSky/SM_SkySphere.uasset" 1113
"../../../Engine/Content/EngineSky/SM_SkySphere.uexp" 1114
"C:/24ci0204/BreakCityByDragon/Content/LevelPrototyping/Textures/T_GridChecker_A.ubulk" 1115
"C:/24ci0204/BreakCityByDragon/Content/LevelPrototyping/Textures/T_GridChecker_A.uasset" 1116
"C:/24ci0204/BreakCityByDragon/Content/LevelPrototyping/Textures/T_GridChecker_A.uexp" 1117
"C:/24ci0204/BreakCityByDragon/Content/LevelPrototyping/Materials/MF_ProcGrid.uasset" 1118
"C:/24ci0204/BreakCityByDragon/Content/LevelPrototyping/Materials/MF_ProcGrid.uexp" 1119
"C:/24ci0204/BreakCityByDragon/Content/LevelPrototyping/Materials/M_PrototypeGrid.uasset" 1120
"C:/24ci0204/BreakCityByDragon/Content/LevelPrototyping/Materials/M_PrototypeGrid.uexp" 1121
"C:/24ci0204/BreakCityByDragon/Content/LevelPrototyping/Materials/MI_PrototypeGrid_Gray.uasset" 1122
"C:/24ci0204/BreakCityByDragon/Content/LevelPrototyping/Materials/MI_PrototypeGrid_Gray.uexp" 1123
"C:/24ci0204/BreakCityByDragon/Content/LevelPrototyping/Meshes/SM_Cube.ubulk" 1124
"C:/24ci0204/BreakCityByDragon/Content/LevelPrototyping/Meshes/SM_Cube.uasset" 1125
"C:/24ci0204/BreakCityByDragon/Content/LevelPrototyping/Meshes/SM_Cube.uexp" 1126
"C:/24ci0204/BreakCityByDragon/Content/Level/Han/result__1_.uasset" 1127
"C:/24ci0204/BreakCityByDragon/Content/Level/Han/result__1_.uexp" 1128
"C:/24ci0204/BreakCityByDragon/Content/Level/Han/result__1__Mat.uasset" 1129
"C:/24ci0204/BreakCityByDragon/Content/Level/Han/result__1__Mat.uexp" 1130
"C:/24ci0204/BreakCityByDragon/Content/Level/Han/ReggaeOne-Regular.uexp" 1131
"C:/24ci0204/BreakCityByDragon/Content/Level/Han/ReggaeOne-Regular.uasset" 1132
"C:/24ci0204/BreakCityByDragon/Content/Level/Han/ReggaeOne-Regular.ufont" 1133
"C:/24ci0204/BreakCityByDragon/Content/Level/Han/ReggaeOne-Regular_Font.uasset" 1134
"C:/24ci0204/BreakCityByDragon/Content/Level/Han/ReggaeOne-Regular_Font.uexp" 1135
"C:/24ci0204/BreakCityByDragon/Content/Onishi/UI/WBP_Result.uasset" 1136
"C:/24ci0204/BreakCityByDragon/Content/Onishi/UI/WBP_Result.uexp" 1137
"C:/24ci0204/BreakCityByDragon/Content/Onishi/UI/BP_ResultUI.uasset" 1138
"C:/24ci0204/BreakCityByDragon/Content/Onishi/UI/BP_ResultUI.uexp" 1139
"C:/24ci0204/BreakCityByDragon/Content/VRTemplate/Blueprints/VRGameMode.uasset" 1140
"C:/24ci0204/BreakCityByDragon/Content/VRTemplate/Blueprints/VRGameMode.uexp" 1141
"C:/24ci0204/BreakCityByDragon/Content/Onishi/UI/WBP_Fade.uasset" 1142
"C:/24ci0204/BreakCityByDragon/Content/Onishi/UI/WBP_Fade.uexp" 1143
"../../../Engine/Content/EngineSky/M_SimpleSkyDome.uasset" 1144
"../../../Engine/Content/EngineSky/M_SimpleSkyDome.uexp" 1145
"C:/24ci0204/BreakCityByDragon/Content/Onishi/Level/Onishi_Result.uexp" 1146
"C:/24ci0204/BreakCityByDragon/Content/Onishi/Level/Onishi_Result.umap" 1147
"../../../Engine/Content/BasicShapes/Cube.ubulk" 1148
"../../../Engine/Content/BasicShapes/Cube.uasset" 1149
"../../../Engine/Content/BasicShapes/Cube.uexp" 1150
"../../../Engine/Content/BasicShapes/Plane.ubulk" 1151
"../../../Engine/Content/BasicShapes/Plane.uasset" 1152
"../../../Engine/Content/BasicShapes/Plane.uexp" 1153
"C:/24ci0204/BreakCityByDragon/Content/Onishi/205_west_wacker/Textures/205_West_Wacker_Metallic.ubulk" 1154
"C:/24ci0204/BreakCityByDragon/Content/Onishi/205_west_wacker/Textures/205_West_Wacker_Metallic.uasset" 1155
"C:/24ci0204/BreakCityByDragon/Content/Onishi/205_west_wacker/Textures/205_West_Wacker_Metallic.uexp" 1156
"C:/24ci0204/BreakCityByDragon/Content/Onishi/205_west_wacker/Textures/205_West_Wacker_Normal.ubulk" 1157
"C:/24ci0204/BreakCityByDragon/Content/Onishi/205_west_wacker/Textures/205_West_Wacker_Normal.uasset" 1158
"C:/24ci0204/BreakCityByDragon/Content/Onishi/205_west_wacker/Textures/205_West_Wacker_Normal.uexp" 1159
"C:/24ci0204/BreakCityByDragon/Content/Onishi/205_west_wacker/Textures/205_West_Wacker_Opacity.ubulk" 1160
"C:/24ci0204/BreakCityByDragon/Content/Onishi/205_west_wacker/Textures/205_West_Wacker_Opacity.uasset" 1161
"C:/24ci0204/BreakCityByDragon/Content/Onishi/205_west_wacker/Textures/205_West_Wacker_Opacity.uexp" 1162
"C:/24ci0204/BreakCityByDragon/Content/Onishi/205_west_wacker/Textures/205_West_Wacker_BaseColor.ubulk" 1163
"C:/24ci0204/BreakCityByDragon/Content/Onishi/205_west_wacker/Textures/205_West_Wacker_BaseColor.uasset" 1164
"C:/24ci0204/BreakCityByDragon/Content/Onishi/205_west_wacker/Textures/205_West_Wacker_BaseColor.uexp" 1165
"C:/24ci0204/BreakCityByDragon/Content/Onishi/205_west_wacker/Textures/205_West_Wacker_Roughness.ubulk" 1166
"C:/24ci0204/BreakCityByDragon/Content/Onishi/205_west_wacker/Textures/205_West_Wacker_Roughness.uasset" 1167
"C:/24ci0204/BreakCityByDragon/Content/Onishi/205_west_wacker/Textures/205_West_Wacker_Roughness.uexp" 1168
"C:/24ci0204/BreakCityByDragon/Content/Onishi/205_west_wacker/Wacker_Textures.uasset" 1169
"C:/24ci0204/BreakCityByDragon/Content/Onishi/205_west_wacker/Wacker_Textures.uexp" 1170
"C:/24ci0204/BreakCityByDragon/Content/Onishi/205_west_wacker/205_West_Wacker.ubulk" 1171
"C:/24ci0204/BreakCityByDragon/Content/Onishi/205_west_wacker/205_West_Wacker.uasset" 1172
"C:/24ci0204/BreakCityByDragon/Content/Onishi/205_west_wacker/205_West_Wacker.uexp" 1173
"../../../Engine/Plugins/FX/Niagara/Content/Enums/ENiagaraSphereDistributionMode.uasset" 1174
"../../../Engine/Plugins/FX/Niagara/Content/Enums/ENiagaraSphereDistributionMode.uexp" 1175
"../../../Engine/Plugins/FX/Niagara/Content/Enums/ENiagaraRandomnessMode.uasset" 1176
"../../../Engine/Plugins/FX/Niagara/Content/Enums/ENiagaraRandomnessMode.uexp" 1177
"../../../Engine/Plugins/FX/Niagara/Content/Enums/ENiagaraRandomnessEvaluation.uasset" 1178
"../../../Engine/Plugins/FX/Niagara/Content/Enums/ENiagaraRandomnessEvaluation.uexp" 1179
"../../../Engine/Plugins/FX/Niagara/Content/Enums/ENiagara_MassInitializationMode.uasset" 1180
"../../../Engine/Plugins/FX/Niagara/Content/Enums/ENiagara_MassInitializationMode.uexp" 1181
"../../../Engine/Plugins/FX/Niagara/Content/Enums/ENiagara_SubUVLookupMode.uasset" 1182
"../../../Engine/Plugins/FX/Niagara/Content/Enums/ENiagara_SubUVLookupMode.uexp" 1183
"../../../Engine/Plugins/FX/Niagara/Content/Enums/ENiagara_PositionInitializationMode.uasset" 1184
"../../../Engine/Plugins/FX/Niagara/Content/Enums/ENiagara_PositionInitializationMode.uexp" 1185
"../../../Engine/Plugins/FX/Niagara/Content/Icons/Modules/T_Icon_Solver_LimitSpeed.uasset" 1186
"../../../Engine/Plugins/FX/Niagara/Content/Icons/Modules/T_Icon_Solver_LimitSpeed.uexp" 1187
"../../../Engine/Plugins/FX/Niagara/Content/Icons/Modules/T_Icon_Solver_RotationalSolve.uasset" 1188
"../../../Engine/Plugins/FX/Niagara/Content/Icons/Modules/T_Icon_Solver_RotationalSolve.uexp" 1189
"../../../Engine/Plugins/FX/Niagara/Content/Icons/Modules/T_Icon_Solver_LimitAccel.uasset" 1190
"../../../Engine/Plugins/FX/Niagara/Content/Icons/Modules/T_Icon_Solver_LimitAccel.uexp" 1191
"../../../Engine/Plugins/FX/Niagara/Content/Enums/ENiagaraScaleColorMode.uasset" 1192
"../../../Engine/Plugins/FX/Niagara/Content/Enums/ENiagaraScaleColorMode.uexp" 1193
"../../../Engine/Plugins/FX/Niagara/Content/Enums/ENiagara_SizeScaleMode.uasset" 1194
"../../../Engine/Plugins/FX/Niagara/Content/Enums/ENiagara_SizeScaleMode.uexp" 1195
"../../../Engine/Plugins/FX/Niagara/Content/Enums/ENiagara_UVFlippingMode.uasset" 1196
"../../../Engine/Plugins/FX/Niagara/Content/Enums/ENiagara_UVFlippingMode.uexp" 1197
"../../../Engine/Plugins/FX/Niagara/Content/Enums/Ribbons/ENiagara_UnsetDirectSetRandom.uasset" 1198
"../../../Engine/Plugins/FX/Niagara/Content/Enums/Ribbons/ENiagara_UnsetDirectSetRandom.uexp" 1199
"../../../Engine/Plugins/FX/Niagara/Content/Enums/ENiagara_LifetimeMode.uasset" 1200
"../../../Engine/Plugins/FX/Niagara/Content/Enums/ENiagara_LifetimeMode.uexp" 1201
"../../../Engine/Plugins/FX/Niagara/Content/Enums/Ribbons/ENiagara_UnsetDirectSet.uasset" 1202
"../../../Engine/Plugins/FX/Niagara/Content/Enums/Ribbons/ENiagara_UnsetDirectSet.uexp" 1203
"../../../Engine/Plugins/FX/Niagara/Content/Enums/ENiagara_SpriteRotationMode.uasset" 1204
"../../../Engine/Plugins/FX/Niagara/Content/Enums/ENiagara_SpriteRotationMode.uexp" 1205
"../../../Engine/Plugins/FX/Niagara/Content/Enums/ENiagara_ColorInitializationMode.uasset" 1206
"../../../Engine/Plugins/FX/Niagara/Content/Enums/ENiagara_ColorInitializationMode.uexp" 1207
"../../../Engine/Plugins/FX/Niagara/Content/Enums/ENiagaraChannelCorrelation.uasset" 1208
"../../../Engine/Plugins/FX/Niagara/Content/Enums/ENiagaraChannelCorrelation.uexp" 1209
"../../../Engine/Plugins/FX/Niagara/Content/Enums/ENiagaraEmitterLifeCycleMode.uasset" 1210
"../../../Engine/Plugins/FX/Niagara/Content/Enums/ENiagaraEmitterLifeCycleMode.uexp" 1211
"../../../Engine/Plugins/FX/Niagara/Content/Enums/ENiagara_InfiniteLoopDuration.uasset" 1212
"../../../Engine/Plugins/FX/Niagara/Content/Enums/ENiagara_InfiniteLoopDuration.uexp" 1213
"../../../Engine/Plugins/FX/Niagara/Content/Enums/ENiagara_EmitterStateOptions.uasset" 1214
"../../../Engine/Plugins/FX/Niagara/Content/Enums/ENiagara_EmitterStateOptions.uexp" 1215
"../../../Engine/Plugins/FX/Niagara/Content/Enums/ENiagaraInactiveMode.uasset" 1216
"../../../Engine/Plugins/FX/Niagara/Content/Enums/ENiagaraInactiveMode.uexp" 1217
"../../../Engine/Plugins/FX/Niagara/Content/Enums/ENiagaraExecutionStateManagement.uasset" 1218
"../../../Engine/Plugins/FX/Niagara/Content/Enums/ENiagaraExecutionStateManagement.uexp" 1219
"../../../Engine/Plugins/FX/Niagara/Content/Enums/ENiagaraEmitterScalabilityMode_Limited.uasset" 1220
"../../../Engine/Plugins/FX/Niagara/Content/Enums/ENiagaraEmitterScalabilityMode_Limited.uexp" 1221
"C:/24ci0204/BreakCityByDragon/Content/MsvFx_Niagara_Explosion_Pack_01/Resources/Texture/T_Smoke/T_smoke_sprite_sheet_N.uasset" 1222
"C:/24ci0204/BreakCityByDragon/Content/MsvFx_Niagara_Explosion_Pack_01/Resources/Texture/T_Smoke/T_smoke_sprite_sheet_N.uexp" 1223
"C:/24ci0204/BreakCityByDragon/Content/MsvFx_Niagara_Explosion_Pack_01/Resources/Texture/T_Smoke/T_smoke_sprite_sheet.uasset" 1224
"C:/24ci0204/BreakCityByDragon/Content/MsvFx_Niagara_Explosion_Pack_01/Resources/Texture/T_Smoke/T_smoke_sprite_sheet.uexp" 1225
"C:/24ci0204/BreakCityByDragon/Content/MsvFx_Niagara_Explosion_Pack_01/Resources/Materials/MasterMTL/M_Smoke.uasset" 1226
"C:/24ci0204/BreakCityByDragon/Content/MsvFx_Niagara_Explosion_Pack_01/Resources/Materials/MasterMTL/M_Smoke.uexp" 1227
"C:/24ci0204/BreakCityByDragon/Content/MsvFx_Niagara_Explosion_Pack_01/Resources/Materials/InstanceMTL/MI_Smoke_01.uasset" 1228
"C:/24ci0204/BreakCityByDragon/Content/MsvFx_Niagara_Explosion_Pack_01/Resources/Materials/InstanceMTL/MI_Smoke_01.uexp" 1229
"../../../Engine/Plugins/FX/Niagara/Content/Enums/ENiagaraSystemInactiveMode.uasset" 1230
"../../../Engine/Plugins/FX/Niagara/Content/Enums/ENiagaraSystemInactiveMode.uexp" 1231
"../../../Engine/Plugins/FX/Niagara/Content/Enums/ENiagara_SubUVLookupModeV2.uasset" 1232
"../../../Engine/Plugins/FX/Niagara/Content/Enums/ENiagara_SubUVLookupModeV2.uexp" 1233
"../../../Engine/Plugins/FX/Niagara/Content/Enums/SpriteRenderer/ENiagara_FPSPlayrate.uasset" 1234
"../../../Engine/Plugins/FX/Niagara/Content/Enums/SpriteRenderer/ENiagara_FPSPlayrate.uexp" 1235
"../../../Engine/Plugins/FX/Niagara/Content/Enums/ENiagaraMeshOrSprite.uasset" 1236
"../../../Engine/Plugins/FX/Niagara/Content/Enums/ENiagaraMeshOrSprite.uexp" 1237
"../../../Engine/Plugins/FX/Niagara/Content/Enums/ENiagara_WrapClamp.uasset" 1238
"../../../Engine/Plugins/FX/Niagara/Content/Enums/ENiagara_WrapClamp.uexp" 1239
"../../../Engine/Plugins/FX/Niagara/Content/Enums/SpriteRenderer/ENiagara_AutomaticManual.uasset" 1240
"../../../Engine/Plugins/FX/Niagara/Content/Enums/SpriteRenderer/ENiagara_AutomaticManual.uexp" 1241
"../../../Engine/Plugins/FX/Niagara/Content/Icons/Modules/T_Icon_Particle_InfiniteLife.uasset" 1242
"../../../Engine/Plugins/FX/Niagara/Content/Icons/Modules/T_Icon_Particle_InfiniteLife.uexp" 1243
"../../../Engine/Plugins/FX/Niagara/Content/Enums/SpriteRenderer/ENiagara_ScaleSpriteSize.uasset" 1244
"../../../Engine/Plugins/FX/Niagara/Content/Enums/SpriteRenderer/ENiagara_ScaleSpriteSize.uexp" 1245
"C:/24ci0204/BreakCityByDragon/Content/MsvFx_Niagara_Explosion_Pack_01/Prefabs/Niagara_Smoke_Wind_01.uasset" 1246
"C:/24ci0204/BreakCityByDragon/Content/MsvFx_Niagara_Explosion_Pack_01/Prefabs/Niagara_Smoke_Wind_01.uexp" 1247
"C:/24ci0204/BreakCityByDragon/Content/Level/Han/M5VFXVOL2/Textures/smoke/4_6_smoke5_vg.ubulk" 1248
"C:/24ci0204/BreakCityByDragon/Content/Level/Han/M5VFXVOL2/Textures/smoke/4_6_smoke5_vg.uasset" 1249
"C:/24ci0204/BreakCityByDragon/Content/Level/Han/M5VFXVOL2/Textures/smoke/4_6_smoke5_vg.uexp" 1250
"C:/24ci0204/BreakCityByDragon/Content/Level/Han/M5VFXVOL2/Textures/smoke/0_6_smoke.ubulk" 1251
"C:/24ci0204/BreakCityByDragon/Content/Level/Han/M5VFXVOL2/Textures/smoke/0_6_smoke.uasset" 1252
"C:/24ci0204/BreakCityByDragon/Content/Level/Han/M5VFXVOL2/Textures/smoke/0_6_smoke.uexp" 1253
"C:/24ci0204/BreakCityByDragon/Content/Level/Han/M5VFXVOL2/Textures/Flow/Circle_normal.ubulk" 1254
"C:/24ci0204/BreakCityByDragon/Content/Level/Han/M5VFXVOL2/Textures/Flow/Circle_normal.uasset" 1255
"C:/24ci0204/BreakCityByDragon/Content/Level/Han/M5VFXVOL2/Textures/Flow/Circle_normal.uexp" 1256
"C:/24ci0204/BreakCityByDragon/Content/Level/Han/M5VFXVOL2/Materials/Master/Smoke1_Mat.uasset" 1257
"C:/24ci0204/BreakCityByDragon/Content/Level/Han/M5VFXVOL2/Materials/Master/Smoke1_Mat.uexp" 1258
"C:/24ci0204/BreakCityByDragon/Content/Level/Han/M5VFXVOL2/Materials/Smoke_Inst/4_6_smoke5_vg_Inst.uasset" 1259
"C:/24ci0204/BreakCityByDragon/Content/Level/Han/M5VFXVOL2/Materials/Smoke_Inst/4_6_smoke5_vg_Inst.uexp" 1260
"../../../Engine/Plugins/FX/Niagara/Content/Enums/Transforms/ENiagara_MeshOrientationOptions.uasset" 1261
"../../../Engine/Plugins/FX/Niagara/Content/Enums/Transforms/ENiagara_MeshOrientationOptions.uexp" 1262
"../../../Engine/Plugins/FX/Niagara/Content/Enums/ENiagaraTorusDistributionMode.uasset" 1263
"../../../Engine/Plugins/FX/Niagara/Content/Enums/ENiagaraTorusDistributionMode.uexp" 1264
"../../../Engine/Plugins/FX/Niagara/Content/Enums/Location/ENiagara_LocationShapes.uasset" 1265
"../../../Engine/Plugins/FX/Niagara/Content/Enums/Location/ENiagara_LocationShapes.uexp" 1266
"../../../Engine/Plugins/FX/Niagara/Content/Enums/Transforms/ENiagara_LWCConvertVecToPos.uasset" 1267
"../../../Engine/Plugins/FX/Niagara/Content/Enums/Transforms/ENiagara_LWCConvertVecToPos.uexp" 1268
"../../../Engine/Plugins/FX/Niagara/Content/Enums/ENiagaraVector4_Channels.uasset" 1269
"../../../Engine/Plugins/FX/Niagara/Content/Enums/ENiagaraVector4_Channels.uexp" 1270
"../../../Engine/Plugins/FX/Niagara/Content/Enums/Location/ENiagara_CylinderMode.uasset" 1271
"../../../Engine/Plugins/FX/Niagara/Content/Enums/Location/ENiagara_CylinderMode.uexp" 1272
"../../../Engine/Plugins/FX/Niagara/Content/Enums/ENiagaraCollisionRadiusOptions.uasset" 1273
"../../../Engine/Plugins/FX/Niagara/Content/Enums/ENiagaraCollisionRadiusOptions.uexp" 1274
"../../../Engine/Plugins/FX/Niagara/Content/VectorFields/Assets/TilingCurl32.uasset" 1275
"../../../Engine/Plugins/FX/Niagara/Content/VectorFields/Assets/TilingCurl32.uexp" 1276
"../../../Engine/Plugins/FX/Niagara/Content/Enums/ENiagaraCurlNoiseQuality.uasset" 1277
"../../../Engine/Plugins/FX/Niagara/Content/Enums/ENiagaraCurlNoiseQuality.uexp" 1278
"../../../Engine/Plugins/FX/Niagara/Content/VectorFields/Assets/TilingCurl64.uasset" 1279
"../../../Engine/Plugins/FX/Niagara/Content/VectorFields/Assets/TilingCurl64.uexp" 1280
"../../../Engine/Plugins/FX/Niagara/Content/VectorFields/Assets/TilingCurl16.uasset" 1281
"../../../Engine/Plugins/FX/Niagara/Content/VectorFields/Assets/TilingCurl16.uexp" 1282
"../../../Engine/Plugins/FX/Niagara/Content/Enums/ENiagaraMeshTransforms.uasset" 1283
"../../../Engine/Plugins/FX/Niagara/Content/Enums/ENiagaraMeshTransforms.uexp" 1284
"../../../Engine/Plugins/FX/Niagara/Content/Enums/ENiagaraFrictionMergeType.uasset" 1285
"../../../Engine/Plugins/FX/Niagara/Content/Enums/ENiagaraFrictionMergeType.uexp" 1286
"C:/24ci0204/BreakCityByDragon/Content/Level/Han/M5VFXVOL2/Textures/smoke/0_6_smoke_re_vg.ubulk" 1287
"C:/24ci0204/BreakCityByDragon/Content/Level/Han/M5VFXVOL2/Textures/smoke/0_6_smoke_re_vg.uasset" 1288
"C:/24ci0204/BreakCityByDragon/Content/Level/Han/M5VFXVOL2/Textures/smoke/0_6_smoke_re_vg.uexp" 1289
"../../../Engine/Content/Functions/Engine_MaterialFunctions02/SmoothStep.uasset" 1290
"../../../Engine/Content/Functions/Engine_MaterialFunctions02/SmoothStep.uexp" 1291
"C:/24ci0204/BreakCityByDragon/Content/Level/Han/M5VFXVOL2/Materials/Master/blackbody_exp_Mat.uasset" 1292
"C:/24ci0204/BreakCityByDragon/Content/Level/Han/M5VFXVOL2/Materials/Master/blackbody_exp_Mat.uexp" 1293
"C:/24ci0204/BreakCityByDragon/Content/Level/Han/M5VFXVOL2/Textures/Fire/blowingFire_fwd2.ubulk" 1294
"C:/24ci0204/BreakCityByDragon/Content/Level/Han/M5VFXVOL2/Textures/Fire/blowingFire_fwd2.uasset" 1295
"C:/24ci0204/BreakCityByDragon/Content/Level/Han/M5VFXVOL2/Textures/Fire/blowingFire_fwd2.uexp" 1296
"C:/24ci0204/BreakCityByDragon/Content/Level/Han/M5VFXVOL2/Materials/Explosion/blackbody_exp_Mat_Inst2.uasset" 1297
"C:/24ci0204/BreakCityByDragon/Content/Level/Han/M5VFXVOL2/Materials/Explosion/blackbody_exp_Mat_Inst2.uexp" 1298
"../../../Engine/Plugins/FX/Niagara/Content/DefaultAssets/Structs/LocationEvent_V2.uasset" 1299
"../../../Engine/Plugins/FX/Niagara/Content/DefaultAssets/Structs/LocationEvent_V2.uexp" 1300
"../../../Engine/Plugins/FX/Niagara/Content/Enums/ENiagara_AttributeSamplingApplyOutput.uasset" 1301
"../../../Engine/Plugins/FX/Niagara/Content/Enums/ENiagara_AttributeSamplingApplyOutput.uexp" 1302
"../../../Engine/Plugins/FX/Niagara/Content/Enums/ENiagara_GPUCollisionType.uasset" 1303
"../../../Engine/Plugins/FX/Niagara/Content/Enums/ENiagara_GPUCollisionType.uexp" 1304
"../../../Engine/Plugins/FX/Niagara/Content/Enums/Transforms/ENiagara_ScaleMode.uasset" 1305
"../../../Engine/Plugins/FX/Niagara/Content/Enums/Transforms/ENiagara_ScaleMode.uexp" 1306
"../../../Engine/Plugins/FX/Niagara/Content/Enums/Angles/ENiagara_AngleInput.uasset" 1307
"../../../Engine/Plugins/FX/Niagara/Content/Enums/Angles/ENiagara_AngleInput.uexp" 1308
"../../../Engine/Plugins/FX/Niagara/Content/Enums/Utility/ENiagara_VelocityMode.uasset" 1309
"../../../Engine/Plugins/FX/Niagara/Content/Enums/Utility/ENiagara_VelocityMode.uexp" 1310
"../../../Engine/Plugins/FX/Niagara/Content/Enums/Transforms/ENiagara_RotationMode.uasset" 1311
"../../../Engine/Plugins/FX/Niagara/Content/Enums/Transforms/ENiagara_RotationMode.uexp" 1312
"C:/24ci0204/BreakCityByDragon/Content/Level/Han/M5VFXVOL2/Textures/Fire/blowingFire_fwd.ubulk" 1313
"C:/24ci0204/BreakCityByDragon/Content/Level/Han/M5VFXVOL2/Textures/Fire/blowingFire_fwd.uasset" 1314
"C:/24ci0204/BreakCityByDragon/Content/Level/Han/M5VFXVOL2/Textures/Fire/blowingFire_fwd.uexp" 1315
"C:/24ci0204/BreakCityByDragon/Content/Level/Han/M5VFXVOL2/Materials/Explosion/blackbody_exp_Mat_Inst3.uasset" 1316
"C:/24ci0204/BreakCityByDragon/Content/Level/Han/M5VFXVOL2/Materials/Explosion/blackbody_exp_Mat_Inst3.uexp" 1317
"../../../Engine/Plugins/FX/Niagara/Content/Enums/Location/ENiagara_ConeMode.uasset" 1318
"../../../Engine/Plugins/FX/Niagara/Content/Enums/Location/ENiagara_ConeMode.uexp" 1319
"../../../Engine/Plugins/FX/Niagara/Content/Enums/ENiagaraCalculateRadiusOptions.uasset" 1320
"../../../Engine/Plugins/FX/Niagara/Content/Enums/ENiagaraCalculateRadiusOptions.uexp" 1321
"C:/24ci0204/BreakCityByDragon/Content/Level/Han/M5VFXVOL2/Demo/Textures/desert.ubulk" 1322
"C:/24ci0204/BreakCityByDragon/Content/Level/Han/M5VFXVOL2/Demo/Textures/desert.uasset" 1323
"C:/24ci0204/BreakCityByDragon/Content/Level/Han/M5VFXVOL2/Demo/Textures/desert.uexp" 1324
"C:/24ci0204/BreakCityByDragon/Content/Level/Han/M5VFXVOL2/Demo/Textures/Grid_Tex.ubulk" 1325
"C:/24ci0204/BreakCityByDragon/Content/Level/Han/M5VFXVOL2/Demo/Textures/Grid_Tex.uasset" 1326
"C:/24ci0204/BreakCityByDragon/Content/Level/Han/M5VFXVOL2/Demo/Textures/Grid_Tex.uexp" 1327
"C:/24ci0204/BreakCityByDragon/Content/Level/Han/M5VFXVOL2/Demo/Materials/BG_Grid_Mat.uasset" 1328
"C:/24ci0204/BreakCityByDragon/Content/Level/Han/M5VFXVOL2/Demo/Materials/BG_Grid_Mat.uexp" 1329
"C:/24ci0204/BreakCityByDragon/Content/Level/Han/M5VFXVOL2/Demo/Materials/BG_inst6.uasset" 1330
"C:/24ci0204/BreakCityByDragon/Content/Level/Han/M5VFXVOL2/Demo/Materials/BG_inst6.uexp" 1331
"C:/24ci0204/BreakCityByDragon/Content/Level/Han/M5VFXVOL2/Props/Meshes/debris/b_debris_01.ubulk" 1332
"C:/24ci0204/BreakCityByDragon/Content/Level/Han/M5VFXVOL2/Props/Meshes/debris/b_debris_01.uasset" 1333
"C:/24ci0204/BreakCityByDragon/Content/Level/Han/M5VFXVOL2/Props/Meshes/debris/b_debris_01.uexp" 1334
"C:/24ci0204/BreakCityByDragon/Content/Level/Han/M5VFXVOL2/Materials/Explosion/blackbody_exp_Mat_Inst.uasset" 1335
"C:/24ci0204/BreakCityByDragon/Content/Level/Han/M5VFXVOL2/Materials/Explosion/blackbody_exp_Mat_Inst.uexp" 1336
"../../../Engine/Plugins/FX/Niagara/Content/Enums/ENiagara_CPUCollisionType.uasset" 1337
"../../../Engine/Plugins/FX/Niagara/Content/Enums/ENiagara_CPUCollisionType.uexp" 1338
"../../../Engine/Plugins/FX/Niagara/Content/Enums/ENiagaraRestitutionMergeType.uasset" 1339
"../../../Engine/Plugins/FX/Niagara/Content/Enums/ENiagaraRestitutionMergeType.uexp" 1340
"../../../Engine/Plugins/FX/Niagara/Content/Enums/Transforms/ENiagara_OffsetMode.uasset" 1341
"../../../Engine/Plugins/FX/Niagara/Content/Enums/Transforms/ENiagara_OffsetMode.uexp" 1342
"../../../Engine/Plugins/FX/Niagara/Content/Enums/ENiagaraVector3_Channels.uasset" 1343
"../../../Engine/Plugins/FX/Niagara/Content/Enums/ENiagaraVector3_Channels.uexp" 1344
"../../../Engine/Plugins/FX/Niagara/Content/Enums/Location/ENiagara_BoxPlaneMode.uasset" 1345
"../../../Engine/Plugins/FX/Niagara/Content/Enums/Location/ENiagara_BoxPlaneMode.uexp" 1346
"../../../Engine/Plugins/FX/Niagara/Content/Enums/Transforms/ENiagara_TransformOrder.uasset" 1347
"../../../Engine/Plugins/FX/Niagara/Content/Enums/Transforms/ENiagara_TransformOrder.uexp" 1348
"../../../Engine/Plugins/FX/Niagara/Content/Enums/Events/ENiagara_LocEventType.uasset" 1349
"../../../Engine/Plugins/FX/Niagara/Content/Enums/Events/ENiagara_LocEventType.uexp" 1350
"C:/24ci0204/BreakCityByDragon/Content/Level/Han/M5VFXVOL2/Materials/Master/Debris_Mat.uasset" 1351
"C:/24ci0204/BreakCityByDragon/Content/Level/Han/M5VFXVOL2/Materials/Master/Debris_Mat.uexp" 1352
"C:/24ci0204/BreakCityByDragon/Content/Level/Han/M5VFXVOL2/Materials/Etc/debris_bd.uasset" 1353
"C:/24ci0204/BreakCityByDragon/Content/Level/Han/M5VFXVOL2/Materials/Etc/debris_bd.uexp" 1354
"../../../Engine/Plugins/FX/Niagara/Content/Enums/Location/ENiagaraRingDiscMode.uasset" 1355
"../../../Engine/Plugins/FX/Niagara/Content/Enums/Location/ENiagaraRingDiscMode.uexp" 1356
"../../../Engine/Plugins/FX/Niagara/Content/Enums/ENiagaraShapeTorusMode.uasset" 1357
"../../../Engine/Plugins/FX/Niagara/Content/Enums/ENiagaraShapeTorusMode.uexp" 1358
"../../../Engine/Content/Functions/Engine_MaterialFunctions01/Density/ExponentialDensity.uasset" 1359
"../../../Engine/Content/Functions/Engine_MaterialFunctions01/Density/ExponentialDensity.uexp" 1360
"../../../Engine/Content/Functions/Engine_MaterialFunctions01/Gradient/RadialGradientExponential.uasset" 1361
"../../../Engine/Content/Functions/Engine_MaterialFunctions01/Gradient/RadialGradientExponential.uexp" 1362
"C:/24ci0204/BreakCityByDragon/Content/Level/Han/M5VFXVOL2/Materials/Master/0_DotCircle_Mat.uasset" 1363
"C:/24ci0204/BreakCityByDragon/Content/Level/Han/M5VFXVOL2/Materials/Master/0_DotCircle_Mat.uexp" 1364
"C:/24ci0204/BreakCityByDragon/Content/Level/Han/M5VFXVOL2/Materials/Etc/0_DotCircle_Mat_Inst.uasset" 1365
"C:/24ci0204/BreakCityByDragon/Content/Level/Han/M5VFXVOL2/Materials/Etc/0_DotCircle_Mat_Inst.uexp" 1366
"../../../Engine/Plugins/FX/Niagara/Content/Enums/ENiagaraExpansionMode.uasset" 1367
"../../../Engine/Plugins/FX/Niagara/Content/Enums/ENiagaraExpansionMode.uexp" 1368
"../../../Engine/Plugins/FX/Niagara/Content/Enums/Transforms/ENiagara_TransformType.uasset" 1369
"../../../Engine/Plugins/FX/Niagara/Content/Enums/Transforms/ENiagara_TransformType.uexp" 1370
"../../../Engine/Plugins/FX/Niagara/Content/Enums/ENiagara_Float4Channel.uasset" 1371
"../../../Engine/Plugins/FX/Niagara/Content/Enums/ENiagara_Float4Channel.uexp" 1372
"../../../Engine/Plugins/FX/Niagara/Content/Enums/Collision/SceneDepthCollisionQueryMethod.uasset" 1373
"../../../Engine/Plugins/FX/Niagara/Content/Enums/Collision/SceneDepthCollisionQueryMethod.uexp" 1374
"C:/24ci0204/BreakCityByDragon/Content/Level/Han/M5VFXVOL2/Niagara/Explosion/NFire_Exp_03.uasset" 1375
"C:/24ci0204/BreakCityByDragon/Content/Level/Han/M5VFXVOL2/Niagara/Explosion/NFire_Exp_03.uexp" 1376
"../../../Engine/Plugins/FX/Niagara/Content/Enums/ENiagaraSUbUVAnimationMode.uasset" 1377
"../../../Engine/Plugins/FX/Niagara/Content/Enums/ENiagaraSUbUVAnimationMode.uexp" 1378
"C:/24ci0204/BreakCityByDragon/Content/Level/Han/M5VFXVOL2/Textures/Fire/blowingFireB_fwd.ubulk" 1379
"C:/24ci0204/BreakCityByDragon/Content/Level/Han/M5VFXVOL2/Textures/Fire/blowingFireB_fwd.uasset" 1380
"C:/24ci0204/BreakCityByDragon/Content/Level/Han/M5VFXVOL2/Textures/Fire/blowingFireB_fwd.uexp" 1381
"C:/24ci0204/BreakCityByDragon/Content/Level/Han/M5VFXVOL2/Materials/Explosion/blackbody_exp_Mat_Inst4.uasset" 1382
"C:/24ci0204/BreakCityByDragon/Content/Level/Han/M5VFXVOL2/Materials/Explosion/blackbody_exp_Mat_Inst4.uexp" 1383
"../../../Engine/Plugins/FX/Niagara/Content/Enums/Utility/ENiagara_UpdateMeshOrientationMode.uasset" 1384
"../../../Engine/Plugins/FX/Niagara/Content/Enums/Utility/ENiagara_UpdateMeshOrientationMode.uexp" 1385
"C:/24ci0204/BreakCityByDragon/Content/Level/Han/M5VFXVOL2/Materials/Etc/debris_car.uasset" 1386
"C:/24ci0204/BreakCityByDragon/Content/Level/Han/M5VFXVOL2/Materials/Etc/debris_car.uexp" 1387
"C:/24ci0204/BreakCityByDragon/Content/Level/Han/M5VFXVOL2/Demo/Materials/BG_inst4.uasset" 1388
"C:/24ci0204/BreakCityByDragon/Content/Level/Han/M5VFXVOL2/Demo/Materials/BG_inst4.uexp" 1389
"C:/24ci0204/BreakCityByDragon/Content/Level/Han/M5VFXVOL2/Props/Meshes/debris/c_debris_01.ubulk" 1390
"C:/24ci0204/BreakCityByDragon/Content/Level/Han/M5VFXVOL2/Props/Meshes/debris/c_debris_01.uasset" 1391
"C:/24ci0204/BreakCityByDragon/Content/Level/Han/M5VFXVOL2/Props/Meshes/debris/c_debris_01.uexp" 1392
"../../../Engine/Plugins/FX/Niagara/Content/Enums/Utility/ENiagara_OrientVectorCount.uasset" 1393
"../../../Engine/Plugins/FX/Niagara/Content/Enums/Utility/ENiagara_OrientVectorCount.uexp" 1394
"C:/24ci0204/BreakCityByDragon/Content/Level/Han/M5VFXVOL2/Niagara/Explosion/NFire_Exp_00.uasset" 1395
"C:/24ci0204/BreakCityByDragon/Content/Level/Han/M5VFXVOL2/Niagara/Explosion/NFire_Exp_00.uexp" 1396
"C:/24ci0204/BreakCityByDragon/Content/Onishi/Sound/SE_FireBallShoot.ubulk" 1397
"C:/24ci0204/BreakCityByDragon/Content/Onishi/Sound/SE_FireBallShoot.uasset" 1398
"C:/24ci0204/BreakCityByDragon/Content/Onishi/Sound/SE_FireBallShoot.uexp" 1399
"../../../Engine/Plugins/FX/Niagara/Content/DefaultAssets/DefaultSpriteMaterial.uasset" 1400
"../../../Engine/Plugins/FX/Niagara/Content/DefaultAssets/DefaultSpriteMaterial.uexp" 1401
"C:/24ci0204/BreakCityByDragon/Content/Level/Han/NS_FireTrailver2.uasset" 1402
"C:/24ci0204/BreakCityByDragon/Content/Level/Han/NS_FireTrailver2.uexp" 1403
"../../../Engine/Content/VREditor/BasicMeshes/T_CleanFloorGrunge_01_D.ubulk" 1404
"../../../Engine/Content/VREditor/BasicMeshes/T_CleanFloorGrunge_01_D.uasset" 1405
"../../../Engine/Content/VREditor/BasicMeshes/T_CleanFloorGrunge_01_D.uexp" 1406
"../../../Engine/Content/VREditor/BasicMeshes/M_Floor_01.uasset" 1407
"../../../Engine/Content/VREditor/BasicMeshes/M_Floor_01.uexp" 1408
"../../../Engine/Content/VREditor/BasicMeshes/MI_Ball_01.uasset" 1409
"../../../Engine/Content/VREditor/BasicMeshes/MI_Ball_01.uexp" 1410
"../../../Engine/Content/VREditor/BasicMeshes/SM_Ball_01.ubulk" 1411
"../../../Engine/Content/VREditor/BasicMeshes/SM_Ball_01.uasset" 1412
"../../../Engine/Content/VREditor/BasicMeshes/SM_Ball_01.uexp" 1413
"C:/24ci0204/BreakCityByDragon/Content/Level/Han/Audio/WAV_Shotgun_shot03.ubulk" 1414
"C:/24ci0204/BreakCityByDragon/Content/Level/Han/Audio/WAV_Shotgun_shot03.uasset" 1415
"C:/24ci0204/BreakCityByDragon/Content/Level/Han/Audio/WAV_Shotgun_shot03.uexp" 1416
"C:/24ci0204/BreakCityByDragon/Content/Level/Han/M5VFXVOL2/Niagara/Explosion/NFire_Exp_01.uasset" 1417
"C:/24ci0204/BreakCityByDragon/Content/Level/Han/M5VFXVOL2/Niagara/Explosion/NFire_Exp_01.uexp" 1418
"C:/24ci0204/BreakCityByDragon/Content/Level/Han/BP_MyFireBall_ver2.uasset" 1419
"C:/24ci0204/BreakCityByDragon/Content/Level/Han/BP_MyFireBall_ver2.uexp" 1420
"C:/24ci0204/BreakCityByDragon/Content/Onishi/Sound/SE_BigExplosion.ubulk" 1421
"C:/24ci0204/BreakCityByDragon/Content/Onishi/Sound/SE_BigExplosion.uasset" 1422
"C:/24ci0204/BreakCityByDragon/Content/Onishi/Sound/SE_BigExplosion.uexp" 1423
"C:/24ci0204/BreakCityByDragon/Content/MsvFx_Niagara_Explosion_Pack_01/Resources/Texture/Pyro_Data/T_fire_gradient.ubulk" 1424
"C:/24ci0204/BreakCityByDragon/Content/MsvFx_Niagara_Explosion_Pack_01/Resources/Texture/Pyro_Data/T_fire_gradient.uasset" 1425
"C:/24ci0204/BreakCityByDragon/Content/MsvFx_Niagara_Explosion_Pack_01/Resources/Texture/Pyro_Data/T_fire_gradient.uexp" 1426
"C:/24ci0204/BreakCityByDragon/Content/MsvFx_Niagara_Explosion_Pack_01/Resources/Texture/Pyro_Data/T_fire_explosion_pack_8x8_1024.ubulk" 1427
"C:/24ci0204/BreakCityByDragon/Content/MsvFx_Niagara_Explosion_Pack_01/Resources/Texture/Pyro_Data/T_fire_explosion_pack_8x8_1024.uasset" 1428
"C:/24ci0204/BreakCityByDragon/Content/MsvFx_Niagara_Explosion_Pack_01/Resources/Texture/Pyro_Data/T_fire_explosion_pack_8x8_1024.uexp" 1429
"C:/24ci0204/BreakCityByDragon/Content/MsvFx_Niagara_Explosion_Pack_01/Resources/Materials/MasterMTL/M_Pyro.uasset" 1430
"C:/24ci0204/BreakCityByDragon/Content/MsvFx_Niagara_Explosion_Pack_01/Resources/Materials/MasterMTL/M_Pyro.uexp" 1431
"C:/24ci0204/BreakCityByDragon/Content/MsvFx_Niagara_Explosion_Pack_01/Resources/Materials/InstanceMTL/MI_Pyro_Explosion_01.uasset" 1432
"C:/24ci0204/BreakCityByDragon/Content/MsvFx_Niagara_Explosion_Pack_01/Resources/Materials/InstanceMTL/MI_Pyro_Explosion_01.uexp" 1433
"C:/24ci0204/BreakCityByDragon/Content/MsvFx_Niagara_Explosion_Pack_01/Prefabs/Niagara_Explosion_01.uasset" 1434
"C:/24ci0204/BreakCityByDragon/Content/MsvFx_Niagara_Explosion_Pack_01/Prefabs/Niagara_Explosion_01.uexp" 1435
"C:/24ci0204/BreakCityByDragon/Content/Onishi/205_west_wacker/Wacker_Textures_Destroy.uasset" 1436
"C:/24ci0204/BreakCityByDragon/Content/Onishi/205_west_wacker/Wacker_Textures_Destroy.uexp" 1437
"../../../Engine/Content/EngineMaterials/DefaultPhysicalMaterial.uasset" 1438
"../../../Engine/Content/EngineMaterials/DefaultPhysicalMaterial.uexp" 1439
"../../../Engine/Content/Functions/Engine_MaterialFunctions02/ScreenResolution.uasset" 1440
"../../../Engine/Content/Functions/Engine_MaterialFunctions02/ScreenResolution.uexp" 1441
"../../../Engine/Content/EngineMaterials/Grid.ubulk" 1442
"../../../Engine/Content/EngineMaterials/Grid.uasset" 1443
"../../../Engine/Content/EngineMaterials/Grid.uexp" 1444
"../../../Engine/Content/EditorMaterials/GeometryCollection/SelectedGeometryMaterial.uasset" 1445
"../../../Engine/Content/EditorMaterials/GeometryCollection/SelectedGeometryMaterial.uexp" 1446
"C:/24ci0204/BreakCityByDragon/Content/Onishi/Fracture/GC_205_West_Wacker.uasset" 1447
"C:/24ci0204/BreakCityByDragon/Content/Onishi/Fracture/GC_205_West_Wacker.uexp" 1448
"../../../Engine/Content/EditorBlueprintResources/StandardMacros.uasset" 1449
"../../../Engine/Content/EditorBlueprintResources/StandardMacros.uexp" 1450
"C:/24ci0204/BreakCityByDragon/Content/Onishi/BP/BP_FinalObj.uasset" 1451
"C:/24ci0204/BreakCityByDragon/Content/Onishi/BP/BP_FinalObj.uexp" 1452
"C:/24ci0204/BreakCityByDragon/Content/Level/Han/Cube2.ubulk" 1453
"C:/24ci0204/BreakCityByDragon/Content/Level/Han/Cube2.uasset" 1454
"C:/24ci0204/BreakCityByDragon/Content/Level/Han/Cube2.uexp" 1455
"C:/24ci0204/BreakCityByDragon/Content/Onishi/UI/TitleTutorial.uasset" 1456
"C:/24ci0204/BreakCityByDragon/Content/Onishi/UI/TitleTutorial.uexp" 1457
"C:/24ci0204/BreakCityByDragon/Content/Level/Han/MyTitleDoorOpen.uasset" 1458
"C:/24ci0204/BreakCityByDragon/Content/Level/Han/MyTitleDoorOpen.uexp" 1459
"C:/24ci0204/BreakCityByDragon/Content/MWLandscapeAutoMaterial/Textures/Cover/TEX_MWAM_CoverRocks_nrm.ubulk" 1460
"C:/24ci0204/BreakCityByDragon/Content/MWLandscapeAutoMaterial/Textures/Cover/TEX_MWAM_CoverRocks_nrm.uasset" 1461
"C:/24ci0204/BreakCityByDragon/Content/MWLandscapeAutoMaterial/Textures/Cover/TEX_MWAM_CoverRocks_nrm.uexp" 1462
"../../../Engine/Content/Functions/Engine_MaterialFunctions02/Utility/DitherTemporalAA.uasset" 1463
"../../../Engine/Content/Functions/Engine_MaterialFunctions02/Utility/DitherTemporalAA.uexp" 1464
"C:/24ci0204/BreakCityByDragon/Content/MWLandscapeAutoMaterial/Materials/MASTER/Func/MF_MWAM_Opacity.uasset" 1465
"C:/24ci0204/BreakCityByDragon/Content/MWLandscapeAutoMaterial/Materials/MASTER/Func/MF_MWAM_Opacity.uexp" 1466
"C:/24ci0204/BreakCityByDragon/Content/MWLandscapeAutoMaterial/Textures/TEX_MW_Temp_col.ubulk" 1467
"C:/24ci0204/BreakCityByDragon/Content/MWLandscapeAutoMaterial/Textures/TEX_MW_Temp_col.uasset" 1468
"C:/24ci0204/BreakCityByDragon/Content/MWLandscapeAutoMaterial/Textures/TEX_MW_Temp_col.uexp" 1469
"C:/24ci0204/BreakCityByDragon/Content/MWLandscapeAutoMaterial/Materials/MASTER/Func/MF_MWAM_SubSurface.uasset" 1470
"C:/24ci0204/BreakCityByDragon/Content/MWLandscapeAutoMaterial/Materials/MASTER/Func/MF_MWAM_SubSurface.uexp" 1471
"C:/24ci0204/BreakCityByDragon/Content/MWLandscapeAutoMaterial/Textures/TEX_MW_Temp_nrm.ubulk" 1472
"C:/24ci0204/BreakCityByDragon/Content/MWLandscapeAutoMaterial/Textures/TEX_MW_Temp_nrm.uasset" 1473
"C:/24ci0204/BreakCityByDragon/Content/MWLandscapeAutoMaterial/Textures/TEX_MW_Temp_nrm.uexp" 1474
"C:/24ci0204/BreakCityByDragon/Content/MWLandscapeAutoMaterial/Materials/MASTER/Func/MF_MWAM_Roughness.uasset" 1475
"C:/24ci0204/BreakCityByDragon/Content/MWLandscapeAutoMaterial/Materials/MASTER/Func/MF_MWAM_Roughness.uexp" 1476
"../../../Engine/Content/Functions/Engine_MaterialFunctions01/SpeedTree/SpeedTreeBillboardNormals.uasset" 1477
"../../../Engine/Content/Functions/Engine_MaterialFunctions01/SpeedTree/SpeedTreeBillboardNormals.uexp" 1478
"../../../Engine/Content/Functions/Engine_MaterialFunctions01/WorldPositionOffset/SimpleGrassWind.uasset" 1479
"../../../Engine/Content/Functions/Engine_MaterialFunctions01/WorldPositionOffset/SimpleGrassWind.uexp" 1480
"../../../Engine/Content/Functions/Engine_MaterialFunctions02/WorldPositionOffset/ObjectPivotPoint.uasset" 1481
"../../../Engine/Content/Functions/Engine_MaterialFunctions02/WorldPositionOffset/ObjectPivotPoint.uexp" 1482
"C:/24ci0204/BreakCityByDragon/Content/MWLandscapeAutoMaterial/Materials/MASTER/Func/MF_MWAM_PivotMask.uasset" 1483
"C:/24ci0204/BreakCityByDragon/Content/MWLandscapeAutoMaterial/Materials/MASTER/Func/MF_MWAM_PivotMask.uexp" 1484
"C:/24ci0204/BreakCityByDragon/Content/MWLandscapeAutoMaterial/Textures/TEX_MW_Temp_msk.ubulk" 1485
"C:/24ci0204/BreakCityByDragon/Content/MWLandscapeAutoMaterial/Textures/TEX_MW_Temp_msk.uasset" 1486
"C:/24ci0204/BreakCityByDragon/Content/MWLandscapeAutoMaterial/Textures/TEX_MW_Temp_msk.uexp" 1487
"C:/24ci0204/BreakCityByDragon/Content/MWLandscapeAutoMaterial/Materials/MASTER/MTL_MWAM_CoverFoliage_MASTER.uasset" 1488
"C:/24ci0204/BreakCityByDragon/Content/MWLandscapeAutoMaterial/Materials/MASTER/MTL_MWAM_CoverFoliage_MASTER.uexp" 1489
"C:/24ci0204/BreakCityByDragon/Content/MWLandscapeAutoMaterial/Textures/Cover/TEX_MWAM_CoverRocks_col.ubulk" 1490
"C:/24ci0204/BreakCityByDragon/Content/MWLandscapeAutoMaterial/Textures/Cover/TEX_MWAM_CoverRocks_col.uasset" 1491
"C:/24ci0204/BreakCityByDragon/Content/MWLandscapeAutoMaterial/Textures/Cover/TEX_MWAM_CoverRocks_col.uexp" 1492
"C:/24ci0204/BreakCityByDragon/Content/MWLandscapeAutoMaterial/Materials/Cover/MTL_MWAM_CoverSnow.uasset" 1493
"C:/24ci0204/BreakCityByDragon/Content/MWLandscapeAutoMaterial/Materials/Cover/MTL_MWAM_CoverSnow.uexp" 1494
"C:/24ci0204/BreakCityByDragon/Content/MWLandscapeAutoMaterial/Meshes/Cover/SM_MWAM_SnowC.ubulk" 1495
"C:/24ci0204/BreakCityByDragon/Content/MWLandscapeAutoMaterial/Meshes/Cover/SM_MWAM_SnowC.uasset" 1496
"C:/24ci0204/BreakCityByDragon/Content/MWLandscapeAutoMaterial/Meshes/Cover/SM_MWAM_SnowC.uexp" 1497
"C:/24ci0204/BreakCityByDragon/Content/MWLandscapeAutoMaterial/Meshes/Cover/SM_MWAM_SnowD.ubulk" 1498
"C:/24ci0204/BreakCityByDragon/Content/MWLandscapeAutoMaterial/Meshes/Cover/SM_MWAM_SnowD.uasset" 1499
"C:/24ci0204/BreakCityByDragon/Content/MWLandscapeAutoMaterial/Meshes/Cover/SM_MWAM_SnowD.uexp" 1500
"C:/24ci0204/BreakCityByDragon/Content/MWLandscapeAutoMaterial/Meshes/Cover/SM_MWAM_SnowB.ubulk" 1501
"C:/24ci0204/BreakCityByDragon/Content/MWLandscapeAutoMaterial/Meshes/Cover/SM_MWAM_SnowB.uasset" 1502
"C:/24ci0204/BreakCityByDragon/Content/MWLandscapeAutoMaterial/Meshes/Cover/SM_MWAM_SnowB.uexp" 1503
"C:/24ci0204/BreakCityByDragon/Content/MWLandscapeAutoMaterial/Meshes/Cover/SM_MWAM_Snow.ubulk" 1504
"C:/24ci0204/BreakCityByDragon/Content/MWLandscapeAutoMaterial/Meshes/Cover/SM_MWAM_Snow.uasset" 1505
"C:/24ci0204/BreakCityByDragon/Content/MWLandscapeAutoMaterial/Meshes/Cover/SM_MWAM_Snow.uexp" 1506
"C:/24ci0204/BreakCityByDragon/Content/MWLandscapeAutoMaterial/Procedurals/LGT_MWAM_Snow.uasset" 1507
"C:/24ci0204/BreakCityByDragon/Content/MWLandscapeAutoMaterial/Procedurals/LGT_MWAM_Snow.uexp" 1508
"C:/24ci0204/BreakCityByDragon/Content/MWLandscapeAutoMaterial/Procedurals/LGT_MWAM_Dirt.uasset" 1509
"C:/24ci0204/BreakCityByDragon/Content/MWLandscapeAutoMaterial/Procedurals/LGT_MWAM_Dirt.uexp" 1510
"C:/24ci0204/BreakCityByDragon/Content/MWLandscapeAutoMaterial/Materials/MASTER/PhyMat/PM_MW_Stones.uasset" 1511
"C:/24ci0204/BreakCityByDragon/Content/MWLandscapeAutoMaterial/Materials/MASTER/PhyMat/PM_MW_Stones.uexp" 1512
"C:/24ci0204/BreakCityByDragon/Content/Stylized_PBR_Nature/Foliage/Textures/T_Grass_D.ubulk" 1513
"C:/24ci0204/BreakCityByDragon/Content/Stylized_PBR_Nature/Foliage/Textures/T_Grass_D.uasset" 1514
"C:/24ci0204/BreakCityByDragon/Content/Stylized_PBR_Nature/Foliage/Textures/T_Grass_D.uexp" 1515
"C:/24ci0204/BreakCityByDragon/Content/Stylized_PBR_Nature/Foliage/Materials/M_Foliage_Master.uasset" 1516
"C:/24ci0204/BreakCityByDragon/Content/Stylized_PBR_Nature/Foliage/Materials/M_Foliage_Master.uexp" 1517
"C:/24ci0204/BreakCityByDragon/Content/Stylized_PBR_Nature/Foliage/Textures/T_Common_Tree_Leaves_D.ubulk" 1518
"C:/24ci0204/BreakCityByDragon/Content/Stylized_PBR_Nature/Foliage/Textures/T_Common_Tree_Leaves_D.uasset" 1519
"C:/24ci0204/BreakCityByDragon/Content/Stylized_PBR_Nature/Foliage/Textures/T_Common_Tree_Leaves_D.uexp" 1520
"C:/24ci0204/BreakCityByDragon/Content/Stylized_PBR_Nature/Foliage/Materials/MI_Common_Tree_Leaves.uasset" 1521
"C:/24ci0204/BreakCityByDragon/Content/Stylized_PBR_Nature/Foliage/Materials/MI_Common_Tree_Leaves.uexp" 1522
"C:/24ci0204/BreakCityByDragon/Content/Stylized_PBR_Nature/Foliage/Textures/T_Pine_Tree_Trunk_ORM.ubulk" 1523
"C:/24ci0204/BreakCityByDragon/Content/Stylized_PBR_Nature/Foliage/Textures/T_Pine_Tree_Trunk_ORM.uasset" 1524
"C:/24ci0204/BreakCityByDragon/Content/Stylized_PBR_Nature/Foliage/Textures/T_Pine_Tree_Trunk_ORM.uexp" 1525
"C:/24ci0204/BreakCityByDragon/Content/Stylized_PBR_Nature/Foliage/Textures/T_Pine_Tree_Trunk_D.ubulk" 1526
"C:/24ci0204/BreakCityByDragon/Content/Stylized_PBR_Nature/Foliage/Textures/T_Pine_Tree_Trunk_D.uasset" 1527
"C:/24ci0204/BreakCityByDragon/Content/Stylized_PBR_Nature/Foliage/Textures/T_Pine_Tree_Trunk_D.uexp" 1528
"C:/24ci0204/BreakCityByDragon/Content/Stylized_PBR_Nature/Foliage/Textures/T_Pine_Tree_Trunk_N.ubulk" 1529
"C:/24ci0204/BreakCityByDragon/Content/Stylized_PBR_Nature/Foliage/Textures/T_Pine_Tree_Trunk_N.uasset" 1530
"C:/24ci0204/BreakCityByDragon/Content/Stylized_PBR_Nature/Foliage/Textures/T_Pine_Tree_Trunk_N.uexp" 1531
"C:/24ci0204/BreakCityByDragon/Content/Stylized_PBR_Nature/Foliage/Materials/M_Tree_Trunk_Master.uasset" 1532
"C:/24ci0204/BreakCityByDragon/Content/Stylized_PBR_Nature/Foliage/Materials/M_Tree_Trunk_Master.uexp" 1533
"C:/24ci0204/BreakCityByDragon/Content/Stylized_PBR_Nature/Foliage/Textures/T_Common_Tree_09_N.ubulk" 1534
"C:/24ci0204/BreakCityByDragon/Content/Stylized_PBR_Nature/Foliage/Textures/T_Common_Tree_09_N.uasset" 1535
"C:/24ci0204/BreakCityByDragon/Content/Stylized_PBR_Nature/Foliage/Textures/T_Common_Tree_09_N.uexp" 1536
"C:/24ci0204/BreakCityByDragon/Content/Stylized_PBR_Nature/Foliage/Textures/T_Common_Tree_09_D.ubulk" 1537
"C:/24ci0204/BreakCityByDragon/Content/Stylized_PBR_Nature/Foliage/Textures/T_Common_Tree_09_D.uasset" 1538
"C:/24ci0204/BreakCityByDragon/Content/Stylized_PBR_Nature/Foliage/Textures/T_Common_Tree_09_D.uexp" 1539
"C:/24ci0204/BreakCityByDragon/Content/Stylized_PBR_Nature/Foliage/Textures/T_Common_Tree_09_ORM.ubulk" 1540
"C:/24ci0204/BreakCityByDragon/Content/Stylized_PBR_Nature/Foliage/Textures/T_Common_Tree_09_ORM.uasset" 1541
"C:/24ci0204/BreakCityByDragon/Content/Stylized_PBR_Nature/Foliage/Textures/T_Common_Tree_09_ORM.uexp" 1542
"C:/24ci0204/BreakCityByDragon/Content/Stylized_PBR_Nature/Foliage/Materials/MI_Common_Tree_09.uasset" 1543
"C:/24ci0204/BreakCityByDragon/Content/Stylized_PBR_Nature/Foliage/Materials/MI_Common_Tree_09.uexp" 1544
"C:/24ci0204/BreakCityByDragon/Content/Stylized_PBR_Nature/Foliage/Assets/SM_Common_Tree_09.ubulk" 1545
"C:/24ci0204/BreakCityByDragon/Content/Stylized_PBR_Nature/Foliage/Assets/SM_Common_Tree_09.uasset" 1546
"C:/24ci0204/BreakCityByDragon/Content/Stylized_PBR_Nature/Foliage/Assets/SM_Common_Tree_09.uexp" 1547
"C:/24ci0204/BreakCityByDragon/Content/Onishi/Sound/SE_Explosion2.ubulk" 1548
"C:/24ci0204/BreakCityByDragon/Content/Onishi/Sound/SE_Explosion2.uasset" 1549
"C:/24ci0204/BreakCityByDragon/Content/Onishi/Sound/SE_Explosion2.uexp" 1550
"C:/24ci0204/BreakCityByDragon/Content/Onishi/MergedActor/Material/T_Apart3_BaseColor.ubulk" 1551
"C:/24ci0204/BreakCityByDragon/Content/Onishi/MergedActor/Material/T_Apart3_BaseColor.uasset" 1552
"C:/24ci0204/BreakCityByDragon/Content/Onishi/MergedActor/Material/T_Apart3_BaseColor.uexp" 1553
"C:/24ci0204/BreakCityByDragon/Content/Onishi/MergedActor/Material/T_Apart3_Normal.ubulk" 1554
"C:/24ci0204/BreakCityByDragon/Content/Onishi/MergedActor/Material/T_Apart3_Normal.uasset" 1555
"C:/24ci0204/BreakCityByDragon/Content/Onishi/MergedActor/Material/T_Apart3_Normal.uexp" 1556
"../../../Engine/Content/EngineMaterials/BaseFlattenGrayscaleMap.uasset" 1557
"../../../Engine/Content/EngineMaterials/BaseFlattenGrayscaleMap.uexp" 1558
"../../../Engine/Content/EngineMaterials/BaseFlattenDiffuseMap.uasset" 1559
"../../../Engine/Content/EngineMaterials/BaseFlattenDiffuseMap.uexp" 1560
"../../../Engine/Content/Functions/Engine_MaterialFunctions02/PivotPainter2/Black_1x1_EXR_Texture.uasset" 1561
"../../../Engine/Content/Functions/Engine_MaterialFunctions02/PivotPainter2/Black_1x1_EXR_Texture.uexp" 1562
"../../../Engine/Content/EngineMaterials/BaseFlattenEmissiveMap.uasset" 1563
"../../../Engine/Content/EngineMaterials/BaseFlattenEmissiveMap.uexp" 1564
"../../../Engine/Content/EngineMaterials/BaseFlattenLinearColor.uasset" 1565
"../../../Engine/Content/EngineMaterials/BaseFlattenLinearColor.uexp" 1566
"../../../Engine/Content/EngineMaterials/FlattenMaterial.uasset" 1567
"../../../Engine/Content/EngineMaterials/FlattenMaterial.uexp" 1568
"C:/24ci0204/BreakCityByDragon/Content/Onishi/MergedActor/Material/MI_Apart3.uasset" 1569
"C:/24ci0204/BreakCityByDragon/Content/Onishi/MergedActor/Material/MI_Apart3.uexp" 1570
"C:/24ci0204/BreakCityByDragon/Content/Onishi/MergedActor/SM_Apart3.uasset" 1571
"C:/24ci0204/BreakCityByDragon/Content/Onishi/MergedActor/SM_Apart3.uexp" 1572
"C:/24ci0204/BreakCityByDragon/Content/Onishi/MergedActor/Material/MA_Apart3.uasset" 1573
"C:/24ci0204/BreakCityByDragon/Content/Onishi/MergedActor/Material/MA_Apart3.uexp" 1574
"C:/24ci0204/BreakCityByDragon/Content/Onishi/Fracture/GC_Apart3.uasset" 1575
"C:/24ci0204/BreakCityByDragon/Content/Onishi/Fracture/GC_Apart3.uexp" 1576
"C:/24ci0204/BreakCityByDragon/Content/Onishi/BP/BP_Apart3.uasset" 1577
"C:/24ci0204/BreakCityByDragon/Content/Onishi/BP/BP_Apart3.uexp" 1578
"C:/24ci0204/BreakCityByDragon/Content/MWLandscapeAutoMaterial/Materials/Cover/MTL_MWAM_CoverRocks.uasset" 1579
"C:/24ci0204/BreakCityByDragon/Content/MWLandscapeAutoMaterial/Materials/Cover/MTL_MWAM_CoverRocks.uexp" 1580
"C:/24ci0204/BreakCityByDragon/Content/MWLandscapeAutoMaterial/Meshes/Cover/SM_MWAM_StoneC.ubulk" 1581
"C:/24ci0204/BreakCityByDragon/Content/MWLandscapeAutoMaterial/Meshes/Cover/SM_MWAM_StoneC.uasset" 1582
"C:/24ci0204/BreakCityByDragon/Content/MWLandscapeAutoMaterial/Meshes/Cover/SM_MWAM_StoneC.uexp" 1583
"C:/24ci0204/BreakCityByDragon/Content/MWLandscapeAutoMaterial/Meshes/Cover/SM_MWAM_StoneB.ubulk" 1584
"C:/24ci0204/BreakCityByDragon/Content/MWLandscapeAutoMaterial/Meshes/Cover/SM_MWAM_StoneB.uasset" 1585
"C:/24ci0204/BreakCityByDragon/Content/MWLandscapeAutoMaterial/Meshes/Cover/SM_MWAM_StoneB.uexp" 1586
"C:/24ci0204/BreakCityByDragon/Content/MWLandscapeAutoMaterial/Meshes/Cover/SM_MWAM_StoneD.ubulk" 1587
"C:/24ci0204/BreakCityByDragon/Content/MWLandscapeAutoMaterial/Meshes/Cover/SM_MWAM_StoneD.uasset" 1588
"C:/24ci0204/BreakCityByDragon/Content/MWLandscapeAutoMaterial/Meshes/Cover/SM_MWAM_StoneD.uexp" 1589
"C:/24ci0204/BreakCityByDragon/Content/MWLandscapeAutoMaterial/Meshes/Cover/SM_MWAM_StoneA.ubulk" 1590
"C:/24ci0204/BreakCityByDragon/Content/MWLandscapeAutoMaterial/Meshes/Cover/SM_MWAM_StoneA.uasset" 1591
"C:/24ci0204/BreakCityByDragon/Content/MWLandscapeAutoMaterial/Meshes/Cover/SM_MWAM_StoneA.uexp" 1592
"C:/24ci0204/BreakCityByDragon/Content/MWLandscapeAutoMaterial/Procedurals/LGT_MWAM_Stones.uasset" 1593
"C:/24ci0204/BreakCityByDragon/Content/MWLandscapeAutoMaterial/Procedurals/LGT_MWAM_Stones.uexp" 1594
"C:/24ci0204/BreakCityByDragon/Content/Dradon/Dragon_2/standardSurface1.uasset" 1595
"C:/24ci0204/BreakCityByDragon/Content/Dradon/Dragon_2/standardSurface1.uexp" 1596
"C:/24ci0204/BreakCityByDragon/Content/Dradon/Dragon_1/RightArm_StaticMesh.ubulk" 1597
"C:/24ci0204/BreakCityByDragon/Content/Dradon/Dragon_1/RightArm_StaticMesh.uasset" 1598
"C:/24ci0204/BreakCityByDragon/Content/Dradon/Dragon_1/RightArm_StaticMesh.uexp" 1599
"C:/24ci0204/BreakCityByDragon/Content/Dradon/Dragon_3/Material/Dragon/DRAGON_Normal_OpenGL.ubulk" 1600
"C:/24ci0204/BreakCityByDragon/Content/Dradon/Dragon_3/Material/Dragon/DRAGON_Normal_OpenGL.uasset" 1601
"C:/24ci0204/BreakCityByDragon/Content/Dradon/Dragon_3/Material/Dragon/DRAGON_Normal_OpenGL.uexp" 1602
"C:/24ci0204/BreakCityByDragon/Content/Dradon/Dragon_3/Material/Dragon/DRAGON_Base_color.ubulk" 1603
"C:/24ci0204/BreakCityByDragon/Content/Dradon/Dragon_3/Material/Dragon/DRAGON_Base_color.uasset" 1604
"C:/24ci0204/BreakCityByDragon/Content/Dradon/Dragon_3/Material/Dragon/DRAGON_Base_color.uexp" 1605
"C:/24ci0204/BreakCityByDragon/Content/Dradon/Dragon_3/Material/Dragon/DRAGON_Roughness.ubulk" 1606
"C:/24ci0204/BreakCityByDragon/Content/Dradon/Dragon_3/Material/Dragon/DRAGON_Roughness.uasset" 1607
"C:/24ci0204/BreakCityByDragon/Content/Dradon/Dragon_3/Material/Dragon/DRAGON_Roughness.uexp" 1608
"C:/24ci0204/BreakCityByDragon/Content/Dradon/Dragon_3/Material/Dragon/Mat_Dragon_Body.uasset" 1609
"C:/24ci0204/BreakCityByDragon/Content/Dradon/Dragon_3/Material/Dragon/Mat_Dragon_Body.uexp" 1610
"C:/24ci0204/BreakCityByDragon/Content/Dradon/Dragon_1/standardSurface1.uasset" 1611
"C:/24ci0204/BreakCityByDragon/Content/Dradon/Dragon_1/standardSurface1.uexp" 1612
"C:/24ci0204/BreakCityByDragon/Content/Dradon/Dragon_3/polySurface7.ubulk" 1613
"C:/24ci0204/BreakCityByDragon/Content/Dradon/Dragon_3/polySurface7.uasset" 1614
"C:/24ci0204/BreakCityByDragon/Content/Dradon/Dragon_3/polySurface7.uexp" 1615
"C:/24ci0204/BreakCityByDragon/Content/Dradon/Dragon_2/dragon_left_arm_Skeleton.uasset" 1616
"C:/24ci0204/BreakCityByDragon/Content/Dradon/Dragon_2/dragon_left_arm_Skeleton.uexp" 1617
"C:/24ci0204/BreakCityByDragon/Content/Dradon/Dragon_2/dragon_tail_PhysicsAsset.uasset" 1618
"C:/24ci0204/BreakCityByDragon/Content/Dradon/Dragon_2/dragon_tail_PhysicsAsset.uexp" 1619
"C:/24ci0204/BreakCityByDragon/Content/Dradon/Dragon_2/dragon_tail.uasset" 1620
"C:/24ci0204/BreakCityByDragon/Content/Dradon/Dragon_2/dragon_tail.uexp" 1621
"C:/24ci0204/BreakCityByDragon/Content/Dradon/Dragon_1/polySurface1_Skeleton.uasset" 1622
"C:/24ci0204/BreakCityByDragon/Content/Dradon/Dragon_1/polySurface1_Skeleton.uexp" 1623
"C:/24ci0204/BreakCityByDragon/Content/Dradon/Dragon_1/TailAnimation.uasset" 1624
"C:/24ci0204/BreakCityByDragon/Content/Dradon/Dragon_1/TailAnimation.uexp" 1625
"C:/24ci0204/BreakCityByDragon/Content/Dradon/Dragon_3/Material/Dragon/Mat_Dragon.uasset" 1626
"C:/24ci0204/BreakCityByDragon/Content/Dradon/Dragon_3/Material/Dragon/Mat_Dragon.uexp" 1627
"C:/24ci0204/BreakCityByDragon/Content/Dradon/BP_TailActor.uasset" 1628
"C:/24ci0204/BreakCityByDragon/Content/Dradon/BP_TailActor.uexp" 1629
"C:/24ci0204/BreakCityByDragon/Content/Dradon/Dragon_1/LeftArm_StaticMesh.ubulk" 1630
"C:/24ci0204/BreakCityByDragon/Content/Dradon/Dragon_1/LeftArm_StaticMesh.uasset" 1631
"C:/24ci0204/BreakCityByDragon/Content/Dradon/Dragon_1/LeftArm_StaticMesh.uexp" 1632
"C:/24ci0204/BreakCityByDragon/Content/Dradon/BP_InGameDragon.uasset" 1633
"C:/24ci0204/BreakCityByDragon/Content/Dradon/BP_InGameDragon.uexp" 1634
"C:/24ci0204/BreakCityByDragon/Content/FirstPerson/Blueprints/BP_FirstPersonGameMode.uasset" 1635
"C:/24ci0204/BreakCityByDragon/Content/FirstPerson/Blueprints/BP_FirstPersonGameMode.uexp" 1636
"C:/24ci0204/BreakCityByDragon/Content/Stylized_PBR_Nature/Foliage/Textures/T_Common_Tree_07_ORM.ubulk" 1637
"C:/24ci0204/BreakCityByDragon/Content/Stylized_PBR_Nature/Foliage/Textures/T_Common_Tree_07_ORM.uasset" 1638
"C:/24ci0204/BreakCityByDragon/Content/Stylized_PBR_Nature/Foliage/Textures/T_Common_Tree_07_ORM.uexp" 1639
"C:/24ci0204/BreakCityByDragon/Content/Stylized_PBR_Nature/Foliage/Textures/T_Common_Tree_07_D.ubulk" 1640
"C:/24ci0204/BreakCityByDragon/Content/Stylized_PBR_Nature/Foliage/Textures/T_Common_Tree_07_D.uasset" 1641
"C:/24ci0204/BreakCityByDragon/Content/Stylized_PBR_Nature/Foliage/Textures/T_Common_Tree_07_D.uexp" 1642
"C:/24ci0204/BreakCityByDragon/Content/Stylized_PBR_Nature/Foliage/Textures/T_Common_Tree_07_N.ubulk" 1643
"C:/24ci0204/BreakCityByDragon/Content/Stylized_PBR_Nature/Foliage/Textures/T_Common_Tree_07_N.uasset" 1644
"C:/24ci0204/BreakCityByDragon/Content/Stylized_PBR_Nature/Foliage/Textures/T_Common_Tree_07_N.uexp" 1645
"C:/24ci0204/BreakCityByDragon/Content/Stylized_PBR_Nature/Foliage/Materials/MI_Common_Tree_07.uasset" 1646
"C:/24ci0204/BreakCityByDragon/Content/Stylized_PBR_Nature/Foliage/Materials/MI_Common_Tree_07.uexp" 1647
"C:/24ci0204/BreakCityByDragon/Content/Stylized_PBR_Nature/Foliage/Assets/SM_Common_Tree_07.ubulk" 1648
"C:/24ci0204/BreakCityByDragon/Content/Stylized_PBR_Nature/Foliage/Assets/SM_Common_Tree_07.uasset" 1649
"C:/24ci0204/BreakCityByDragon/Content/Stylized_PBR_Nature/Foliage/Assets/SM_Common_Tree_07.uexp" 1650
"C:/24ci0204/BreakCityByDragon/Content/Stylized_City/Textures/T_Vista_Build_03_N.ubulk" 1651
"C:/24ci0204/BreakCityByDragon/Content/Stylized_City/Textures/T_Vista_Build_03_N.uasset" 1652
"C:/24ci0204/BreakCityByDragon/Content/Stylized_City/Textures/T_Vista_Build_03_N.uexp" 1653
"../../../Engine/Content/EngineMaterials/DefaultNormal.ubulk" 1654
"../../../Engine/Content/EngineMaterials/DefaultNormal.uasset" 1655
"../../../Engine/Content/EngineMaterials/DefaultNormal.uexp" 1656
"../../../Engine/Content/MaterialTemplates/LayerBlends/T_DefaultMaskTexture.uasset" 1657
"../../../Engine/Content/MaterialTemplates/LayerBlends/T_DefaultMaskTexture.uexp" 1658
"C:/24ci0204/BreakCityByDragon/Content/Stylized_City/Materials/Master/MM_Simple_01.uasset" 1659
"C:/24ci0204/BreakCityByDragon/Content/Stylized_City/Materials/Master/MM_Simple_01.uexp" 1660
"C:/24ci0204/BreakCityByDragon/Content/Stylized_City/Textures/T_Vista_Build_03_D.ubulk" 1661
"C:/24ci0204/BreakCityByDragon/Content/Stylized_City/Textures/T_Vista_Build_03_D.uasset" 1662
"C:/24ci0204/BreakCityByDragon/Content/Stylized_City/Textures/T_Vista_Build_03_D.uexp" 1663
"C:/24ci0204/BreakCityByDragon/Content/Stylized_City/Textures/T_Vista_Build_03_ORM.ubulk" 1664
"C:/24ci0204/BreakCityByDragon/Content/Stylized_City/Textures/T_Vista_Build_03_ORM.uasset" 1665
"C:/24ci0204/BreakCityByDragon/Content/Stylized_City/Textures/T_Vista_Build_03_ORM.uexp" 1666
"C:/24ci0204/BreakCityByDragon/Content/Stylized_City/Materials/Instances/MI_Vista_Build_03.uasset" 1667
"C:/24ci0204/BreakCityByDragon/Content/Stylized_City/Materials/Instances/MI_Vista_Build_03.uexp" 1668
"C:/24ci0204/BreakCityByDragon/Content/Stylized_City/Meshes/SM_Vista_Build_03B.ubulk" 1669
"C:/24ci0204/BreakCityByDragon/Content/Stylized_City/Meshes/SM_Vista_Build_03B.uasset" 1670
"C:/24ci0204/BreakCityByDragon/Content/Stylized_City/Meshes/SM_Vista_Build_03B.uexp" 1671
"C:/24ci0204/BreakCityByDragon/Content/Stylized_City/Materials/Master/MM_Simple_01_Destroy.uasset" 1672
"C:/24ci0204/BreakCityByDragon/Content/Stylized_City/Materials/Master/MM_Simple_01_Destroy.uexp" 1673
"C:/24ci0204/BreakCityByDragon/Content/Stylized_City/Materials/Instances/MI_Vista_Build_03B_Destroy.uasset" 1674
"C:/24ci0204/BreakCityByDragon/Content/Stylized_City/Materials/Instances/MI_Vista_Build_03B_Destroy.uexp" 1675
"C:/24ci0204/BreakCityByDragon/Content/Onishi/Fracture/GC_SM_Vista_Build_03B.uasset" 1676
"C:/24ci0204/BreakCityByDragon/Content/Onishi/Fracture/GC_SM_Vista_Build_03B.uexp" 1677
"C:/24ci0204/BreakCityByDragon/Content/Onishi/BP/BP_Build03B.uasset" 1678
"C:/24ci0204/BreakCityByDragon/Content/Onishi/BP/BP_Build03B.uexp" 1679
"../../../Engine/Content/EngineSky/C_Sky_Horizon_Color.uasset" 1680
"../../../Engine/Content/EngineSky/C_Sky_Horizon_Color.uexp" 1681
"../../../Engine/Content/EngineSky/C_Sky_Cloud_Color.uasset" 1682
"../../../Engine/Content/EngineSky/C_Sky_Cloud_Color.uexp" 1683
"../../../Engine/Content/EngineSky/C_Sky_Zenith_Color.uasset" 1684
"../../../Engine/Content/EngineSky/C_Sky_Zenith_Color.uexp" 1685
"../../../Engine/Content/EngineSky/BP_Sky_Sphere.uasset" 1686
"../../../Engine/Content/EngineSky/BP_Sky_Sphere.uexp" 1687
"C:/24ci0204/BreakCityByDragon/Content/Stylized_PBR_Nature/Foliage/Textures/T_Pine_Tree_Leaves_D.ubulk" 1688
"C:/24ci0204/BreakCityByDragon/Content/Stylized_PBR_Nature/Foliage/Textures/T_Pine_Tree_Leaves_D.uasset" 1689
"C:/24ci0204/BreakCityByDragon/Content/Stylized_PBR_Nature/Foliage/Textures/T_Pine_Tree_Leaves_D.uexp" 1690
"C:/24ci0204/BreakCityByDragon/Content/Stylized_PBR_Nature/Foliage/Materials/MI_Pine_Tree_Leaves.uasset" 1691
"C:/24ci0204/BreakCityByDragon/Content/Stylized_PBR_Nature/Foliage/Materials/MI_Pine_Tree_Leaves.uexp" 1692
"C:/24ci0204/BreakCityByDragon/Content/Stylized_PBR_Nature/Foliage/Materials/MI_Pine_Trunk.uasset" 1693
"C:/24ci0204/BreakCityByDragon/Content/Stylized_PBR_Nature/Foliage/Materials/MI_Pine_Trunk.uexp" 1694
"C:/24ci0204/BreakCityByDragon/Content/Stylized_PBR_Nature/Foliage/Assets/SM_Pine_Tree_1.ubulk" 1695
"C:/24ci0204/BreakCityByDragon/Content/Stylized_PBR_Nature/Foliage/Assets/SM_Pine_Tree_1.uasset" 1696
"C:/24ci0204/BreakCityByDragon/Content/Stylized_PBR_Nature/Foliage/Assets/SM_Pine_Tree_1.uexp" 1697
"C:/24ci0204/BreakCityByDragon/Content/Stylized_PBR_Nature/Foliage/Assets/SM_Pine_Tree_2.ubulk" 1698
"C:/24ci0204/BreakCityByDragon/Content/Stylized_PBR_Nature/Foliage/Assets/SM_Pine_Tree_2.uasset" 1699
"C:/24ci0204/BreakCityByDragon/Content/Stylized_PBR_Nature/Foliage/Assets/SM_Pine_Tree_2.uexp" 1700
"C:/24ci0204/BreakCityByDragon/Content/Onishi/Level/Onishi_Map_sharedassets/Rock_LayerInfo.uasset" 1701
"C:/24ci0204/BreakCityByDragon/Content/Onishi/Level/Onishi_Map_sharedassets/Rock_LayerInfo.uexp" 1702
"C:/24ci0204/BreakCityByDragon/Content/Onishi/MergedActor/Material/T_Apart1_Normal.ubulk" 1703
"C:/24ci0204/BreakCityByDragon/Content/Onishi/MergedActor/Material/T_Apart1_Normal.uasset" 1704
"C:/24ci0204/BreakCityByDragon/Content/Onishi/MergedActor/Material/T_Apart1_Normal.uexp" 1705
"C:/24ci0204/BreakCityByDragon/Content/Onishi/MergedActor/Material/T_Apart1_BaseColor.ubulk" 1706
"C:/24ci0204/BreakCityByDragon/Content/Onishi/MergedActor/Material/T_Apart1_BaseColor.uasset" 1707
"C:/24ci0204/BreakCityByDragon/Content/Onishi/MergedActor/Material/T_Apart1_BaseColor.uexp" 1708
"C:/24ci0204/BreakCityByDragon/Content/Onishi/MergedActor/Material/MI_Apart1.uasset" 1709
"C:/24ci0204/BreakCityByDragon/Content/Onishi/MergedActor/Material/MI_Apart1.uexp" 1710
"C:/24ci0204/BreakCityByDragon/Content/Onishi/MergedActor/SM_Apart1.uasset" 1711
"C:/24ci0204/BreakCityByDragon/Content/Onishi/MergedActor/SM_Apart1.uexp" 1712
"C:/24ci0204/BreakCityByDragon/Content/Onishi/MergedActor/Material/MA_Apart1.uasset" 1713
"C:/24ci0204/BreakCityByDragon/Content/Onishi/MergedActor/Material/MA_Apart1.uexp" 1714
"C:/24ci0204/BreakCityByDragon/Content/Onishi/Fracture/GC_Apart1.uasset" 1715
"C:/24ci0204/BreakCityByDragon/Content/Onishi/Fracture/GC_Apart1.uexp" 1716
"C:/24ci0204/BreakCityByDragon/Content/Onishi/BP/BP_Apart1.uasset" 1717
"C:/24ci0204/BreakCityByDragon/Content/Onishi/BP/BP_Apart1.uexp" 1718
"C:/24ci0204/BreakCityByDragon/Content/MWLandscapeAutoMaterial/Procedurals/LGT_MWAM_Rock.uasset" 1719
"C:/24ci0204/BreakCityByDragon/Content/MWLandscapeAutoMaterial/Procedurals/LGT_MWAM_Rock.uexp" 1720
"C:/24ci0204/BreakCityByDragon/Content/MWLandscapeAutoMaterial/Textures/Ground/TEX_MWAM_Rock_col.ubulk" 1721
"C:/24ci0204/BreakCityByDragon/Content/MWLandscapeAutoMaterial/Textures/Ground/TEX_MWAM_Rock_col.uasset" 1722
"C:/24ci0204/BreakCityByDragon/Content/MWLandscapeAutoMaterial/Textures/Ground/TEX_MWAM_Rock_col.uexp" 1723
"C:/24ci0204/BreakCityByDragon/Content/MWLandscapeAutoMaterial/Textures/Ground/TEX_MWAM_SandC_col.ubulk" 1724
"C:/24ci0204/BreakCityByDragon/Content/MWLandscapeAutoMaterial/Textures/Ground/TEX_MWAM_SandC_col.uasset" 1725
"C:/24ci0204/BreakCityByDragon/Content/MWLandscapeAutoMaterial/Textures/Ground/TEX_MWAM_SandC_col.uexp" 1726
"C:/24ci0204/BreakCityByDragon/Content/MWLandscapeAutoMaterial/Textures/Ground/TEX_MWAM_Snow_col.ubulk" 1727
"C:/24ci0204/BreakCityByDragon/Content/MWLandscapeAutoMaterial/Textures/Ground/TEX_MWAM_Snow_col.uasset" 1728
"C:/24ci0204/BreakCityByDragon/Content/MWLandscapeAutoMaterial/Textures/Ground/TEX_MWAM_Snow_col.uexp" 1729
"C:/24ci0204/BreakCityByDragon/Content/MWLandscapeAutoMaterial/Textures/Ground/TEX_MWAM_SandA_nrm.ubulk" 1730
"C:/24ci0204/BreakCityByDragon/Content/MWLandscapeAutoMaterial/Textures/Ground/TEX_MWAM_SandA_nrm.uasset" 1731
"C:/24ci0204/BreakCityByDragon/Content/MWLandscapeAutoMaterial/Textures/Ground/TEX_MWAM_SandA_nrm.uexp" 1732
"C:/24ci0204/BreakCityByDragon/Content/MWLandscapeAutoMaterial/Textures/Ground/TEX_MWAM_SandA_col.ubulk" 1733
"C:/24ci0204/BreakCityByDragon/Content/MWLandscapeAutoMaterial/Textures/Ground/TEX_MWAM_SandA_col.uasset" 1734
"C:/24ci0204/BreakCityByDragon/Content/MWLandscapeAutoMaterial/Textures/Ground/TEX_MWAM_SandA_col.uexp" 1735
"C:/24ci0204/BreakCityByDragon/Content/MWLandscapeAutoMaterial/Textures/Ground/TEX_MWAM_Snow_nrm.ubulk" 1736
"C:/24ci0204/BreakCityByDragon/Content/MWLandscapeAutoMaterial/Textures/Ground/TEX_MWAM_Snow_nrm.uasset" 1737
"C:/24ci0204/BreakCityByDragon/Content/MWLandscapeAutoMaterial/Textures/Ground/TEX_MWAM_Snow_nrm.uexp" 1738
"C:/24ci0204/BreakCityByDragon/Content/MWLandscapeAutoMaterial/Textures/Extra/TEX_MWAM_Variation_msk.ubulk" 1739
"C:/24ci0204/BreakCityByDragon/Content/MWLandscapeAutoMaterial/Textures/Extra/TEX_MWAM_Variation_msk.uasset" 1740
"C:/24ci0204/BreakCityByDragon/Content/MWLandscapeAutoMaterial/Textures/Extra/TEX_MWAM_Variation_msk.uexp" 1741
"C:/24ci0204/BreakCityByDragon/Content/MWLandscapeAutoMaterial/Textures/Ground/TEX_MWAM_Grass_nrm.ubulk" 1742
"C:/24ci0204/BreakCityByDragon/Content/MWLandscapeAutoMaterial/Textures/Ground/TEX_MWAM_Grass_nrm.uasset" 1743
"C:/24ci0204/BreakCityByDragon/Content/MWLandscapeAutoMaterial/Textures/Ground/TEX_MWAM_Grass_nrm.uexp" 1744
"C:/24ci0204/BreakCityByDragon/Content/MWLandscapeAutoMaterial/Textures/Ground/TEX_MWAM_Rock_nrm.ubulk" 1745
"C:/24ci0204/BreakCityByDragon/Content/MWLandscapeAutoMaterial/Textures/Ground/TEX_MWAM_Rock_nrm.uasset" 1746
"C:/24ci0204/BreakCityByDragon/Content/MWLandscapeAutoMaterial/Textures/Ground/TEX_MWAM_Rock_nrm.uexp" 1747
"C:/24ci0204/BreakCityByDragon/Content/MWLandscapeAutoMaterial/Textures/Ground/TEX_MWAM_Grass_col.ubulk" 1748
"C:/24ci0204/BreakCityByDragon/Content/MWLandscapeAutoMaterial/Textures/Ground/TEX_MWAM_Grass_col.uasset" 1749
"C:/24ci0204/BreakCityByDragon/Content/MWLandscapeAutoMaterial/Textures/Ground/TEX_MWAM_Grass_col.uexp" 1750
"C:/24ci0204/BreakCityByDragon/Content/MWLandscapeAutoMaterial/Textures/Ground/TEX_MWAM_SandC_nrm.ubulk" 1751
"C:/24ci0204/BreakCityByDragon/Content/MWLandscapeAutoMaterial/Textures/Ground/TEX_MWAM_SandC_nrm.uasset" 1752
"C:/24ci0204/BreakCityByDragon/Content/MWLandscapeAutoMaterial/Textures/Ground/TEX_MWAM_SandC_nrm.uexp" 1753
"C:/24ci0204/BreakCityByDragon/Content/MWLandscapeAutoMaterial/Textures/Extra/TEX_MWAM_Variation_nrm.ubulk" 1754
"C:/24ci0204/BreakCityByDragon/Content/MWLandscapeAutoMaterial/Textures/Extra/TEX_MWAM_Variation_nrm.uasset" 1755
"C:/24ci0204/BreakCityByDragon/Content/MWLandscapeAutoMaterial/Textures/Extra/TEX_MWAM_Variation_nrm.uexp" 1756
"C:/24ci0204/BreakCityByDragon/Content/MWLandscapeAutoMaterial/Materials/MASTER/Func/MF_MWAM_CombineNormal.uasset" 1757
"C:/24ci0204/BreakCityByDragon/Content/MWLandscapeAutoMaterial/Materials/MASTER/Func/MF_MWAM_CombineNormal.uexp" 1758
"../../../Engine/Content/EngineMaterials/WeightMapPlaceholderTexture.uasset" 1759
"../../../Engine/Content/EngineMaterials/WeightMapPlaceholderTexture.uexp" 1760
"../../../Engine/Content/EngineMaterials/WeightMapArrayPlaceholderTexture.uasset" 1761
"../../../Engine/Content/EngineMaterials/WeightMapArrayPlaceholderTexture.uexp" 1762
"../../../Engine/Content/Functions/Engine_MaterialFunctions01/Texturing/SlopeMask.uasset" 1763
"../../../Engine/Content/Functions/Engine_MaterialFunctions01/Texturing/SlopeMask.uexp" 1764
"C:/24ci0204/BreakCityByDragon/Content/MWLandscapeAutoMaterial/Materials/MASTER/Func/MF_MWAM_WaterMask.uasset" 1765
"C:/24ci0204/BreakCityByDragon/Content/MWLandscapeAutoMaterial/Materials/MASTER/Func/MF_MWAM_WaterMask.uexp" 1766
"C:/24ci0204/BreakCityByDragon/Content/MWLandscapeAutoMaterial/Materials/MASTER/Func/MF_MWAM_Snow.uasset" 1767
"C:/24ci0204/BreakCityByDragon/Content/MWLandscapeAutoMaterial/Materials/MASTER/Func/MF_MWAM_Snow.uexp" 1768
"C:/24ci0204/BreakCityByDragon/Content/MWLandscapeAutoMaterial/Materials/MASTER/Func/MF_MWAM_CombineNormalSimple.uasset" 1769
"C:/24ci0204/BreakCityByDragon/Content/MWLandscapeAutoMaterial/Materials/MASTER/Func/MF_MWAM_CombineNormalSimple.uexp" 1770
"C:/24ci0204/BreakCityByDragon/Content/MWLandscapeAutoMaterial/Materials/MASTER/Func/MF_MWAM_LayerBlend.uasset" 1771
"C:/24ci0204/BreakCityByDragon/Content/MWLandscapeAutoMaterial/Materials/MASTER/Func/MF_MWAM_LayerBlend.uexp" 1772
"C:/24ci0204/BreakCityByDragon/Content/MWLandscapeAutoMaterial/Materials/MASTER/Func/MF_MWAM_DefaultLayer.uasset" 1773
"C:/24ci0204/BreakCityByDragon/Content/MWLandscapeAutoMaterial/Materials/MASTER/Func/MF_MWAM_DefaultLayer.uexp" 1774
"C:/24ci0204/BreakCityByDragon/Content/MWLandscapeAutoMaterial/Materials/MASTER/Func/MF_MWAM_LandscapeUVs.uasset" 1775
"C:/24ci0204/BreakCityByDragon/Content/MWLandscapeAutoMaterial/Materials/MASTER/Func/MF_MWAM_LandscapeUVs.uexp" 1776
"C:/24ci0204/BreakCityByDragon/Content/MWLandscapeAutoMaterial/Materials/MASTER/Func/MF_MWAM_SlopeMask.uasset" 1777
"C:/24ci0204/BreakCityByDragon/Content/MWLandscapeAutoMaterial/Materials/MASTER/Func/MF_MWAM_SlopeMask.uexp" 1778
"C:/24ci0204/BreakCityByDragon/Content/MWLandscapeAutoMaterial/Textures/FX/TEX_MW_WaterA_nrm.ubulk" 1779
"C:/24ci0204/BreakCityByDragon/Content/MWLandscapeAutoMaterial/Textures/FX/TEX_MW_WaterA_nrm.uasset" 1780
"C:/24ci0204/BreakCityByDragon/Content/MWLandscapeAutoMaterial/Textures/FX/TEX_MW_WaterA_nrm.uexp" 1781
"C:/24ci0204/BreakCityByDragon/Content/MWLandscapeAutoMaterial/Materials/MASTER/Func/MF_MWAM_DepthFade.uasset" 1782
"C:/24ci0204/BreakCityByDragon/Content/MWLandscapeAutoMaterial/Materials/MASTER/Func/MF_MWAM_DepthFade.uexp" 1783
"C:/24ci0204/BreakCityByDragon/Content/MWLandscapeAutoMaterial/Materials/MASTER/Func/MW_MWAM_Water.uasset" 1784
"C:/24ci0204/BreakCityByDragon/Content/MWLandscapeAutoMaterial/Materials/MASTER/Func/MW_MWAM_Water.uexp" 1785
"C:/24ci0204/BreakCityByDragon/Content/MWLandscapeAutoMaterial/Textures/FX/TEX_MW_Noise_msk.ubulk" 1786
"C:/24ci0204/BreakCityByDragon/Content/MWLandscapeAutoMaterial/Textures/FX/TEX_MW_Noise_msk.uasset" 1787
"C:/24ci0204/BreakCityByDragon/Content/MWLandscapeAutoMaterial/Textures/FX/TEX_MW_Noise_msk.uexp" 1788
"C:/24ci0204/BreakCityByDragon/Content/MWLandscapeAutoMaterial/Materials/MASTER/Func/MF_MWAM_SnowMask.uasset" 1789
"C:/24ci0204/BreakCityByDragon/Content/MWLandscapeAutoMaterial/Materials/MASTER/Func/MF_MWAM_SnowMask.uexp" 1790
"C:/24ci0204/BreakCityByDragon/Content/MWLandscapeAutoMaterial/Textures/Plants/TEX_MWAM_Grass_col.ubulk" 1791
"C:/24ci0204/BreakCityByDragon/Content/MWLandscapeAutoMaterial/Textures/Plants/TEX_MWAM_Grass_col.uasset" 1792
"C:/24ci0204/BreakCityByDragon/Content/MWLandscapeAutoMaterial/Textures/Plants/TEX_MWAM_Grass_col.uexp" 1793
"C:/24ci0204/BreakCityByDragon/Content/MWLandscapeAutoMaterial/Textures/Plants/TEX_MWAM_Grass_nrm.ubulk" 1794
"C:/24ci0204/BreakCityByDragon/Content/MWLandscapeAutoMaterial/Textures/Plants/TEX_MWAM_Grass_nrm.uasset" 1795
"C:/24ci0204/BreakCityByDragon/Content/MWLandscapeAutoMaterial/Textures/Plants/TEX_MWAM_Grass_nrm.uexp" 1796
"C:/24ci0204/BreakCityByDragon/Content/MWLandscapeAutoMaterial/Materials/Plants/MTL_MWAM_PlantsGrass.uasset" 1797
"C:/24ci0204/BreakCityByDragon/Content/MWLandscapeAutoMaterial/Materials/Plants/MTL_MWAM_PlantsGrass.uexp" 1798
"C:/24ci0204/BreakCityByDragon/Content/MWLandscapeAutoMaterial/Meshes/Plants/SM_MWAM_GrassD.ubulk" 1799
"C:/24ci0204/BreakCityByDragon/Content/MWLandscapeAutoMaterial/Meshes/Plants/SM_MWAM_GrassD.uasset" 1800
"C:/24ci0204/BreakCityByDragon/Content/MWLandscapeAutoMaterial/Meshes/Plants/SM_MWAM_GrassD.uexp" 1801
"C:/24ci0204/BreakCityByDragon/Content/MWLandscapeAutoMaterial/Meshes/Plants/SM_MWAM_GrassB.ubulk" 1802
"C:/24ci0204/BreakCityByDragon/Content/MWLandscapeAutoMaterial/Meshes/Plants/SM_MWAM_GrassB.uasset" 1803
"C:/24ci0204/BreakCityByDragon/Content/MWLandscapeAutoMaterial/Meshes/Plants/SM_MWAM_GrassB.uexp" 1804
"C:/24ci0204/BreakCityByDragon/Content/MWLandscapeAutoMaterial/Meshes/Plants/SM_MWAM_GrassC.ubulk" 1805
"C:/24ci0204/BreakCityByDragon/Content/MWLandscapeAutoMaterial/Meshes/Plants/SM_MWAM_GrassC.uasset" 1806
"C:/24ci0204/BreakCityByDragon/Content/MWLandscapeAutoMaterial/Meshes/Plants/SM_MWAM_GrassC.uexp" 1807
"C:/24ci0204/BreakCityByDragon/Content/MWLandscapeAutoMaterial/Meshes/Plants/SM_MWAM_GrassA.ubulk" 1808
"C:/24ci0204/BreakCityByDragon/Content/MWLandscapeAutoMaterial/Meshes/Plants/SM_MWAM_GrassA.uasset" 1809
"C:/24ci0204/BreakCityByDragon/Content/MWLandscapeAutoMaterial/Meshes/Plants/SM_MWAM_GrassA.uexp" 1810
"C:/24ci0204/BreakCityByDragon/Content/MWLandscapeAutoMaterial/Procedurals/LGT_MWAM_Grass.uasset" 1811
"C:/24ci0204/BreakCityByDragon/Content/MWLandscapeAutoMaterial/Procedurals/LGT_MWAM_Grass.uexp" 1812
"C:/24ci0204/BreakCityByDragon/Content/MWLandscapeAutoMaterial/Materials/MASTER/MTL_MWAM_AutoMaterial_MASTER.uasset" 1813
"C:/24ci0204/BreakCityByDragon/Content/MWLandscapeAutoMaterial/Materials/MASTER/MTL_MWAM_AutoMaterial_MASTER.uexp" 1814
"C:/24ci0204/BreakCityByDragon/Content/MWLandscapeAutoMaterial/Materials/Landscape/MTL_MWAM_Landscape_IslandExample.uasset" 1815
"C:/24ci0204/BreakCityByDragon/Content/MWLandscapeAutoMaterial/Materials/Landscape/MTL_MWAM_Landscape_IslandExample.uexp" 1816
"C:/24ci0204/BreakCityByDragon/Content/Onishi/Level/Onishi_Map_sharedassets/Gravel_LayerInfo.uasset" 1817
"C:/24ci0204/BreakCityByDragon/Content/Onishi/Level/Onishi_Map_sharedassets/Gravel_LayerInfo.uexp" 1818
"C:/24ci0204/BreakCityByDragon/Content/Stylized_PBR_Nature/Foliage/Textures/T_Common_Tree_03_D.ubulk" 1819
"C:/24ci0204/BreakCityByDragon/Content/Stylized_PBR_Nature/Foliage/Textures/T_Common_Tree_03_D.uasset" 1820
"C:/24ci0204/BreakCityByDragon/Content/Stylized_PBR_Nature/Foliage/Textures/T_Common_Tree_03_D.uexp" 1821
"C:/24ci0204/BreakCityByDragon/Content/Stylized_PBR_Nature/Foliage/Textures/T_Common_Tree_03_ORM.ubulk" 1822
"C:/24ci0204/BreakCityByDragon/Content/Stylized_PBR_Nature/Foliage/Textures/T_Common_Tree_03_ORM.uasset" 1823
"C:/24ci0204/BreakCityByDragon/Content/Stylized_PBR_Nature/Foliage/Textures/T_Common_Tree_03_ORM.uexp" 1824
"C:/24ci0204/BreakCityByDragon/Content/Stylized_PBR_Nature/Foliage/Textures/T_Common_Tree_03_N.ubulk" 1825
"C:/24ci0204/BreakCityByDragon/Content/Stylized_PBR_Nature/Foliage/Textures/T_Common_Tree_03_N.uasset" 1826
"C:/24ci0204/BreakCityByDragon/Content/Stylized_PBR_Nature/Foliage/Textures/T_Common_Tree_03_N.uexp" 1827
"C:/24ci0204/BreakCityByDragon/Content/Stylized_PBR_Nature/Foliage/Materials/MI_Common_Tree_03.uasset" 1828
"C:/24ci0204/BreakCityByDragon/Content/Stylized_PBR_Nature/Foliage/Materials/MI_Common_Tree_03.uexp" 1829
"C:/24ci0204/BreakCityByDragon/Content/Stylized_PBR_Nature/Foliage/Assets/SM_Common_Tree_03.ubulk" 1830
"C:/24ci0204/BreakCityByDragon/Content/Stylized_PBR_Nature/Foliage/Assets/SM_Common_Tree_03.uasset" 1831
"C:/24ci0204/BreakCityByDragon/Content/Stylized_PBR_Nature/Foliage/Assets/SM_Common_Tree_03.uexp" 1832
"../../../Engine/Content/Functions/Engine_MaterialFunctions02/ExampleContent/Textures/LowResBlurredNoise.uasset" 1833
"../../../Engine/Content/Functions/Engine_MaterialFunctions02/ExampleContent/Textures/LowResBlurredNoise.uexp" 1834
"../../../Engine/Content/Functions/Engine_MaterialFunctions01/Coordinates/WorldPosition-XY.uasset" 1835
"../../../Engine/Content/Functions/Engine_MaterialFunctions01/Coordinates/WorldPosition-XY.uexp" 1836
"../../../Engine/Content/EngineMaterials/RandomVectors_WithXNeighbor.uasset" 1837
"../../../Engine/Content/EngineMaterials/RandomVectors_WithXNeighbor.uexp" 1838
"../../../Engine/Content/Functions/Engine_MaterialFunctions03/Texturing/TextureVariation_RotateUV.uasset" 1839
"../../../Engine/Content/Functions/Engine_MaterialFunctions03/Texturing/TextureVariation_RotateUV.uexp" 1840
"../../../Engine/Content/Functions/Engine_MaterialFunctions03/Texturing/TextureVariation.uasset" 1841
"../../../Engine/Content/Functions/Engine_MaterialFunctions03/Texturing/TextureVariation.uexp" 1842
"../../../Engine/Content/Functions/Engine_MaterialFunctions02/ExampleContent/Textures/flipbook.ubulk" 1843
"../../../Engine/Content/Functions/Engine_MaterialFunctions02/ExampleContent/Textures/flipbook.uasset" 1844
"../../../Engine/Content/Functions/Engine_MaterialFunctions02/ExampleContent/Textures/flipbook.uexp" 1845
"../../../Engine/Plugins/Enterprise/DatasmithContent/Content/Materials/Water/MaterialFunctions/MF_FlipBook.uasset" 1846
"../../../Engine/Plugins/Enterprise/DatasmithContent/Content/Materials/Water/MaterialFunctions/MF_FlipBook.uexp" 1847
"../../../Engine/Plugins/Enterprise/DatasmithContent/Content/Materials/Water/Textures/T_Caustic_FlipBook.uasset" 1848
"../../../Engine/Plugins/Enterprise/DatasmithContent/Content/Materials/Water/Textures/T_Caustic_FlipBook.uexp" 1849
"../../../Engine/Content/Functions/Engine_MaterialFunctions02/Math/Pi.uasset" 1850
"../../../Engine/Content/Functions/Engine_MaterialFunctions02/Math/Pi.uexp" 1851
"../../../Engine/Plugins/Enterprise/DatasmithContent/Content/Materials/Water/MaterialFunctions/MF_Caustic.uasset" 1852
"../../../Engine/Plugins/Enterprise/DatasmithContent/Content/Materials/Water/MaterialFunctions/MF_Caustic.uexp" 1853
"../../../Engine/Plugins/Enterprise/DatasmithContent/Content/Materials/Water/Textures/T_Wavelets_N.ubulk" 1854
"../../../Engine/Plugins/Enterprise/DatasmithContent/Content/Materials/Water/Textures/T_Wavelets_N.uasset" 1855
"../../../Engine/Plugins/Enterprise/DatasmithContent/Content/Materials/Water/Textures/T_Wavelets_N.uexp" 1856
"../../../Engine/Plugins/Enterprise/DatasmithContent/Content/Materials/Water/MaterialFunctions/MF_NLerp.uasset" 1857
"../../../Engine/Plugins/Enterprise/DatasmithContent/Content/Materials/Water/MaterialFunctions/MF_NLerp.uexp" 1858
"../../../Engine/Plugins/Enterprise/DatasmithContent/Content/Materials/Water/MaterialFunctions/MF_Motion_Normals.uasset" 1859
"../../../Engine/Plugins/Enterprise/DatasmithContent/Content/Materials/Water/MaterialFunctions/MF_Motion_Normals.uexp" 1860
"../../../Engine/Plugins/Enterprise/DatasmithContent/Content/Materials/Water/Textures/T_WindGust_Mask.ubulk" 1861
"../../../Engine/Plugins/Enterprise/DatasmithContent/Content/Materials/Water/Textures/T_WindGust_Mask.uasset" 1862
"../../../Engine/Plugins/Enterprise/DatasmithContent/Content/Materials/Water/Textures/T_WindGust_Mask.uexp" 1863
"../../../Engine/Plugins/Enterprise/DatasmithContent/Content/Materials/Water/Textures/T_Perlin_Mask.ubulk" 1864
"../../../Engine/Plugins/Enterprise/DatasmithContent/Content/Materials/Water/Textures/T_Perlin_Mask.uasset" 1865
"../../../Engine/Plugins/Enterprise/DatasmithContent/Content/Materials/Water/Textures/T_Perlin_Mask.uexp" 1866
"../../../Engine/Plugins/Enterprise/DatasmithContent/Content/Materials/Water/MaterialFunctions/MF_Normals_Rotation_WS.uasset" 1867
"../../../Engine/Plugins/Enterprise/DatasmithContent/Content/Materials/Water/MaterialFunctions/MF_Normals_Rotation_WS.uexp" 1868
"../../../Engine/Plugins/Enterprise/DatasmithContent/Content/Materials/Water/MaterialFunctions/MF_Wind_Gusts_Normals.uasset" 1869
"../../../Engine/Plugins/Enterprise/DatasmithContent/Content/Materials/Water/MaterialFunctions/MF_Wind_Gusts_Normals.uexp" 1870
"../../../Engine/Plugins/Enterprise/DatasmithContent/Content/Materials/Water/MaterialFunctions/MF_SamplePos2x2.uasset" 1871
"../../../Engine/Plugins/Enterprise/DatasmithContent/Content/Materials/Water/MaterialFunctions/MF_SamplePos2x2.uexp" 1872
"../../../Engine/Plugins/Enterprise/DatasmithContent/Content/Materials/Water/Textures/T_Water_N.ubulk" 1873
"../../../Engine/Plugins/Enterprise/DatasmithContent/Content/Materials/Water/Textures/T_Water_N.uasset" 1874
"../../../Engine/Plugins/Enterprise/DatasmithContent/Content/Materials/Water/Textures/T_Water_N.uexp" 1875
"../../../Engine/Plugins/Enterprise/DatasmithContent/Content/Materials/Water/MaterialFunctions/MF_NormalStrength_WS.uasset" 1876
"../../../Engine/Plugins/Enterprise/DatasmithContent/Content/Materials/Water/MaterialFunctions/MF_NormalStrength_WS.uexp" 1877
"../../../Engine/Plugins/Enterprise/DatasmithContent/Content/Materials/Water/Textures/T_WaterNormal01_N.ubulk" 1878
"../../../Engine/Plugins/Enterprise/DatasmithContent/Content/Materials/Water/Textures/T_WaterNormal01_N.uasset" 1879
"../../../Engine/Plugins/Enterprise/DatasmithContent/Content/Materials/Water/Textures/T_WaterNormal01_N.uexp" 1880
"../../../Engine/Plugins/Enterprise/DatasmithContent/Content/Materials/Water/Textures/T_Water_LF_N.ubulk" 1881
"../../../Engine/Plugins/Enterprise/DatasmithContent/Content/Materials/Water/Textures/T_Water_LF_N.uasset" 1882
"../../../Engine/Plugins/Enterprise/DatasmithContent/Content/Materials/Water/Textures/T_Water_LF_N.uexp" 1883
"../../../Engine/Content/Functions/Engine_MaterialFunctions02/Lerp_3Color.uasset" 1884
"../../../Engine/Content/Functions/Engine_MaterialFunctions02/Lerp_3Color.uexp" 1885
"../../../Engine/Plugins/Enterprise/DatasmithContent/Content/Materials/Water/MaterialFunctions/MF_Wave_3B_Normals.uasset" 1886
"../../../Engine/Plugins/Enterprise/DatasmithContent/Content/Materials/Water/MaterialFunctions/MF_Wave_3B_Normals.uexp" 1887
"../../../Engine/Plugins/Enterprise/DatasmithContent/Content/Materials/Water/MaterialFunctions/MF_RealDepth.uasset" 1888
"../../../Engine/Plugins/Enterprise/DatasmithContent/Content/Materials/Water/MaterialFunctions/MF_RealDepth.uexp" 1889
"../../../Engine/Plugins/Enterprise/DatasmithContent/Content/Materials/Water/MFAttr_Water.uasset" 1890
"../../../Engine/Plugins/Enterprise/DatasmithContent/Content/Materials/Water/MFAttr_Water.uexp" 1891
"../../../Engine/Plugins/Enterprise/DatasmithContent/Content/Materials/Water/M_Water.uasset" 1892
"../../../Engine/Plugins/Enterprise/DatasmithContent/Content/Materials/Water/M_Water.uexp" 1893
"C:/24ci0204/BreakCityByDragon/Content/Onishi/Level/Onishi_TitleTest_BuiltData.ubulk" 1894
"C:/24ci0204/BreakCityByDragon/Content/Onishi/Level/Onishi_TitleTest_BuiltData.uasset" 1895
"C:/24ci0204/BreakCityByDragon/Content/Onishi/Level/Onishi_TitleTest_BuiltData.uexp" 1896
"C:/24ci0204/BreakCityByDragon/Content/Stylized_PBR_Nature/Foliage/Textures/T_Common_Tree_05_N.ubulk" 1897
"C:/24ci0204/BreakCityByDragon/Content/Stylized_PBR_Nature/Foliage/Textures/T_Common_Tree_05_N.uasset" 1898
"C:/24ci0204/BreakCityByDragon/Content/Stylized_PBR_Nature/Foliage/Textures/T_Common_Tree_05_N.uexp" 1899
"C:/24ci0204/BreakCityByDragon/Content/Stylized_PBR_Nature/Foliage/Textures/T_Common_Tree_05_D.ubulk" 1900
"C:/24ci0204/BreakCityByDragon/Content/Stylized_PBR_Nature/Foliage/Textures/T_Common_Tree_05_D.uasset" 1901
"C:/24ci0204/BreakCityByDragon/Content/Stylized_PBR_Nature/Foliage/Textures/T_Common_Tree_05_D.uexp" 1902
"C:/24ci0204/BreakCityByDragon/Content/Stylized_PBR_Nature/Foliage/Textures/T_Common_Tree_05_ORM.ubulk" 1903
"C:/24ci0204/BreakCityByDragon/Content/Stylized_PBR_Nature/Foliage/Textures/T_Common_Tree_05_ORM.uasset" 1904
"C:/24ci0204/BreakCityByDragon/Content/Stylized_PBR_Nature/Foliage/Textures/T_Common_Tree_05_ORM.uexp" 1905
"C:/24ci0204/BreakCityByDragon/Content/Stylized_PBR_Nature/Foliage/Materials/MI_Common_Tree_05.uasset" 1906
"C:/24ci0204/BreakCityByDragon/Content/Stylized_PBR_Nature/Foliage/Materials/MI_Common_Tree_05.uexp" 1907
"C:/24ci0204/BreakCityByDragon/Content/Stylized_PBR_Nature/Foliage/Assets/SM_Common_Tree_05.ubulk" 1908
"C:/24ci0204/BreakCityByDragon/Content/Stylized_PBR_Nature/Foliage/Assets/SM_Common_Tree_05.uasset" 1909
"C:/24ci0204/BreakCityByDragon/Content/Stylized_PBR_Nature/Foliage/Assets/SM_Common_Tree_05.uexp" 1910
"C:/24ci0204/BreakCityByDragon/Content/Level/Han/wall/mixed_brick_wall_nor_dx_4k.ubulk" 1911
"C:/24ci0204/BreakCityByDragon/Content/Level/Han/wall/mixed_brick_wall_nor_dx_4k.uasset" 1912
"C:/24ci0204/BreakCityByDragon/Content/Level/Han/wall/mixed_brick_wall_nor_dx_4k.uexp" 1913
"C:/24ci0204/BreakCityByDragon/Content/Level/Han/wall/mixed_brick_wall_arm_4k.ubulk" 1914
"C:/24ci0204/BreakCityByDragon/Content/Level/Han/wall/mixed_brick_wall_arm_4k.uasset" 1915
"C:/24ci0204/BreakCityByDragon/Content/Level/Han/wall/mixed_brick_wall_arm_4k.uexp" 1916
"C:/24ci0204/BreakCityByDragon/Content/Level/Han/wall/mixed_brick_wall_diff_4k.ubulk" 1917
"C:/24ci0204/BreakCityByDragon/Content/Level/Han/wall/mixed_brick_wall_diff_4k.uasset" 1918
"C:/24ci0204/BreakCityByDragon/Content/Level/Han/wall/mixed_brick_wall_diff_4k.uexp" 1919
"C:/24ci0204/BreakCityByDragon/Content/Level/Han/wall/M_MixedBrick.uasset" 1920
"C:/24ci0204/BreakCityByDragon/Content/Level/Han/wall/M_MixedBrick.uexp" 1921
"C:/24ci0204/BreakCityByDragon/Content/Level/Han/wall/M_MixedBrick_Inst.uasset" 1922
"C:/24ci0204/BreakCityByDragon/Content/Level/Han/wall/M_MixedBrick_Inst.uexp" 1923
"C:/24ci0204/BreakCityByDragon/Content/Onishi/MergedActor/Material/T_Apart14_BaseColor.ubulk" 1924
"C:/24ci0204/BreakCityByDragon/Content/Onishi/MergedActor/Material/T_Apart14_BaseColor.uasset" 1925
"C:/24ci0204/BreakCityByDragon/Content/Onishi/MergedActor/Material/T_Apart14_BaseColor.uexp" 1926
"C:/24ci0204/BreakCityByDragon/Content/Onishi/MergedActor/Material/T_Apart14_Normal.ubulk" 1927
"C:/24ci0204/BreakCityByDragon/Content/Onishi/MergedActor/Material/T_Apart14_Normal.uasset" 1928
"C:/24ci0204/BreakCityByDragon/Content/Onishi/MergedActor/Material/T_Apart14_Normal.uexp" 1929
"C:/24ci0204/BreakCityByDragon/Content/Onishi/MergedActor/Material/MI_Apart14.uasset" 1930
"C:/24ci0204/BreakCityByDragon/Content/Onishi/MergedActor/Material/MI_Apart14.uexp" 1931
"C:/24ci0204/BreakCityByDragon/Content/Onishi/MergedActor/SM_Apart14.uasset" 1932
"C:/24ci0204/BreakCityByDragon/Content/Onishi/MergedActor/SM_Apart14.uexp" 1933
"C:/24ci0204/BreakCityByDragon/Content/Onishi/MergedActor/Material/MA_Apart14.uasset" 1934
"C:/24ci0204/BreakCityByDragon/Content/Onishi/MergedActor/Material/MA_Apart14.uexp" 1935
"C:/24ci0204/BreakCityByDragon/Content/Onishi/Fracture/GC_Apart14.uasset" 1936
"C:/24ci0204/BreakCityByDragon/Content/Onishi/Fracture/GC_Apart14.uexp" 1937
"C:/24ci0204/BreakCityByDragon/Content/Onishi/BP/BP_Apart14.uasset" 1938
"C:/24ci0204/BreakCityByDragon/Content/Onishi/BP/BP_Apart14.uexp" 1939
"C:/24ci0204/BreakCityByDragon/Content/Level/Han/wall/M_MixedBrick_Inst1.uasset" 1940
"C:/24ci0204/BreakCityByDragon/Content/Level/Han/wall/M_MixedBrick_Inst1.uexp" 1941
"C:/24ci0204/BreakCityByDragon/Content/Onishi/MergedActor/Material/T_Apart2_Normal.ubulk" 1942
"C:/24ci0204/BreakCityByDragon/Content/Onishi/MergedActor/Material/T_Apart2_Normal.uasset" 1943
"C:/24ci0204/BreakCityByDragon/Content/Onishi/MergedActor/Material/T_Apart2_Normal.uexp" 1944
"C:/24ci0204/BreakCityByDragon/Content/Onishi/MergedActor/Material/T_Apart2_BaseColor.ubulk" 1945
"C:/24ci0204/BreakCityByDragon/Content/Onishi/MergedActor/Material/T_Apart2_BaseColor.uasset" 1946
"C:/24ci0204/BreakCityByDragon/Content/Onishi/MergedActor/Material/T_Apart2_BaseColor.uexp" 1947
"C:/24ci0204/BreakCityByDragon/Content/Onishi/MergedActor/Material/MI_Apart2.uasset" 1948
"C:/24ci0204/BreakCityByDragon/Content/Onishi/MergedActor/Material/MI_Apart2.uexp" 1949
"C:/24ci0204/BreakCityByDragon/Content/Onishi/MergedActor/SM_Apart2.uasset" 1950
"C:/24ci0204/BreakCityByDragon/Content/Onishi/MergedActor/SM_Apart2.uexp" 1951
"C:/24ci0204/BreakCityByDragon/Content/Onishi/MergedActor/Material/MA_Apart2.uasset" 1952
"C:/24ci0204/BreakCityByDragon/Content/Onishi/MergedActor/Material/MA_Apart2.uexp" 1953
"C:/24ci0204/BreakCityByDragon/Content/Onishi/Fracture/GC_Apart2.uasset" 1954
"C:/24ci0204/BreakCityByDragon/Content/Onishi/Fracture/GC_Apart2.uexp" 1955
"C:/24ci0204/BreakCityByDragon/Content/Onishi/BP/BP_Apart2.uasset" 1956
"C:/24ci0204/BreakCityByDragon/Content/Onishi/BP/BP_Apart2.uexp" 1957
"../../../Engine/Content/BasicShapes/BasicShapeMaterial.uasset" 1958
"../../../Engine/Content/BasicShapes/BasicShapeMaterial.uexp" 1959
"C:/24ci0204/BreakCityByDragon/Content/Onishi/UI/GC_StartCube.uasset" 1960
"C:/24ci0204/BreakCityByDragon/Content/Onishi/UI/GC_StartCube.uexp" 1961
"C:/24ci0204/BreakCityByDragon/Content/Logo/Dragon_Logo.uasset" 1962
"C:/24ci0204/BreakCityByDragon/Content/Logo/Dragon_Logo.uexp" 1963
"C:/24ci0204/BreakCityByDragon/Content/Onishi/UI/TitleTest.uasset" 1964
"C:/24ci0204/BreakCityByDragon/Content/Onishi/UI/TitleTest.uexp" 1965
"C:/24ci0204/BreakCityByDragon/Content/Onishi/UI/BP_GCStart.uasset" 1966
"C:/24ci0204/BreakCityByDragon/Content/Onishi/UI/BP_GCStart.uexp" 1967
"C:/24ci0204/BreakCityByDragon/Content/Onishi/UI/ShootTutorial.uasset" 1968
"C:/24ci0204/BreakCityByDragon/Content/Onishi/UI/ShootTutorial.uexp" 1969
"C:/24ci0204/BreakCityByDragon/Content/Onishi/UI/BP_StartBlock.uasset" 1970
"C:/24ci0204/BreakCityByDragon/Content/Onishi/UI/BP_StartBlock.uexp" 1971
"C:/24ci0204/BreakCityByDragon/Content/Onishi/MergedActor/Material/T_Apart9_BaseColor.ubulk" 1972
"C:/24ci0204/BreakCityByDragon/Content/Onishi/MergedActor/Material/T_Apart9_BaseColor.uasset" 1973
"C:/24ci0204/BreakCityByDragon/Content/Onishi/MergedActor/Material/T_Apart9_BaseColor.uexp" 1974
"C:/24ci0204/BreakCityByDragon/Content/Onishi/MergedActor/Material/T_Apart9_Normal.ubulk" 1975
"C:/24ci0204/BreakCityByDragon/Content/Onishi/MergedActor/Material/T_Apart9_Normal.uasset" 1976
"C:/24ci0204/BreakCityByDragon/Content/Onishi/MergedActor/Material/T_Apart9_Normal.uexp" 1977
"C:/24ci0204/BreakCityByDragon/Content/Onishi/MergedActor/Material/MI_Apart9.uasset" 1978
"C:/24ci0204/BreakCityByDragon/Content/Onishi/MergedActor/Material/MI_Apart9.uexp" 1979
"C:/24ci0204/BreakCityByDragon/Content/Onishi/MergedActor/SM_Apart9.uasset" 1980
"C:/24ci0204/BreakCityByDragon/Content/Onishi/MergedActor/SM_Apart9.uexp" 1981
"C:/24ci0204/BreakCityByDragon/Content/Onishi/MergedActor/Material/MA_Apart9.uasset" 1982
"C:/24ci0204/BreakCityByDragon/Content/Onishi/MergedActor/Material/MA_Apart9.uexp" 1983
"C:/24ci0204/BreakCityByDragon/Content/Onishi/Fracture/GC_Apart9.uasset" 1984
"C:/24ci0204/BreakCityByDragon/Content/Onishi/Fracture/GC_Apart9.uexp" 1985
"C:/24ci0204/BreakCityByDragon/Content/Onishi/BP/BP_Apart9.uasset" 1986
"C:/24ci0204/BreakCityByDragon/Content/Onishi/BP/BP_Apart9.uexp" 1987
"C:/24ci0204/BreakCityByDragon/Content/Onishi/Sound/BGM_Title.ubulk" 1988
"C:/24ci0204/BreakCityByDragon/Content/Onishi/Sound/BGM_Title.uasset" 1989
"C:/24ci0204/BreakCityByDragon/Content/Onishi/Sound/BGM_Title.uexp" 1990
"C:/24ci0204/BreakCityByDragon/Content/Onishi/Sound/Title_BGM_Queue.uasset" 1991
"C:/24ci0204/BreakCityByDragon/Content/Onishi/Sound/Title_BGM_Queue.uexp" 1992
"C:/24ci0204/BreakCityByDragon/Content/Onishi/Level/Onishi_Map_sharedassets/Grass_LayerInfo.uasset" 1993
"C:/24ci0204/BreakCityByDragon/Content/Onishi/Level/Onishi_Map_sharedassets/Grass_LayerInfo.uexp" 1994
"C:/24ci0204/BreakCityByDragon/Content/Stylized_City/Materials/Instances/MI_Vista_Build_03_Destroy.uasset" 1995
"C:/24ci0204/BreakCityByDragon/Content/Stylized_City/Materials/Instances/MI_Vista_Build_03_Destroy.uexp" 1996
"C:/24ci0204/BreakCityByDragon/Content/Stylized_City/Meshes/SM_Vista_Build_03A.ubulk" 1997
"C:/24ci0204/BreakCityByDragon/Content/Stylized_City/Meshes/SM_Vista_Build_03A.uasset" 1998
"C:/24ci0204/BreakCityByDragon/Content/Stylized_City/Meshes/SM_Vista_Build_03A.uexp" 1999
"C:/24ci0204/BreakCityByDragon/Content/Onishi/Fracture/GC_SM_Vista_Build_03A.uasset" 2000
"C:/24ci0204/BreakCityByDragon/Content/Onishi/Fracture/GC_SM_Vista_Build_03A.uexp" 2001
"C:/24ci0204/BreakCityByDragon/Content/Onishi/BP/BP_Build03A.uasset" 2002
"C:/24ci0204/BreakCityByDragon/Content/Onishi/BP/BP_Build03A.uexp" 2003
"C:/24ci0204/BreakCityByDragon/Content/FirstPerson/Input/Actions/IA_Look.uasset" 2004
"C:/24ci0204/BreakCityByDragon/Content/FirstPerson/Input/Actions/IA_Look.uexp" 2005
"C:/24ci0204/BreakCityByDragon/Content/FirstPersonArms/Character/Textures/Manny/T_Manny_02_N.ubulk" 2006
"C:/24ci0204/BreakCityByDragon/Content/FirstPersonArms/Character/Textures/Manny/T_Manny_02_N.uasset" 2007
"C:/24ci0204/BreakCityByDragon/Content/FirstPersonArms/Character/Textures/Manny/T_Manny_02_N.uexp" 2008
"C:/24ci0204/BreakCityByDragon/Content/FirstPersonArms/Character/Textures/Manny/T_Manny_02_BN.ubulk" 2009
"C:/24ci0204/BreakCityByDragon/Content/FirstPersonArms/Character/Textures/Manny/T_Manny_02_BN.uasset" 2010
"C:/24ci0204/BreakCityByDragon/Content/FirstPersonArms/Character/Textures/Manny/T_Manny_02_BN.uexp" 2011
"C:/24ci0204/BreakCityByDragon/Content/FirstPersonArms/Character/Textures/Manny/T_Manny_02_ASAOPMASK_MSK.ubulk" 2012
"C:/24ci0204/BreakCityByDragon/Content/FirstPersonArms/Character/Textures/Manny/T_Manny_02_ASAOPMASK_MSK.uasset" 2013
"C:/24ci0204/BreakCityByDragon/Content/FirstPersonArms/Character/Textures/Manny/T_Manny_02_ASAOPMASK_MSK.uexp" 2014
"C:/24ci0204/BreakCityByDragon/Content/FirstPersonArms/Character/Textures/Manny/T_Manny_01_ASAOPMASK_MSK.ubulk" 2015
"C:/24ci0204/BreakCityByDragon/Content/FirstPersonArms/Character/Textures/Manny/T_Manny_01_ASAOPMASK_MSK.uasset" 2016
"C:/24ci0204/BreakCityByDragon/Content/FirstPersonArms/Character/Textures/Manny/T_Manny_01_ASAOPMASK_MSK.uexp" 2017
"C:/24ci0204/BreakCityByDragon/Content/FirstPersonArms/Character/Textures/Manny/T_Manny_01_CCRCCPlastic_MSK.ubulk" 2018
"C:/24ci0204/BreakCityByDragon/Content/FirstPersonArms/Character/Textures/Manny/T_Manny_01_CCRCCPlastic_MSK.uasset" 2019
"C:/24ci0204/BreakCityByDragon/Content/FirstPersonArms/Character/Textures/Manny/T_Manny_01_CCRCCPlastic_MSK.uexp" 2020
"C:/24ci0204/BreakCityByDragon/Content/FirstPersonArms/Character/Textures/Manny/T_Manny_01_Tan.ubulk" 2021
"C:/24ci0204/BreakCityByDragon/Content/FirstPersonArms/Character/Textures/Manny/T_Manny_01_Tan.uasset" 2022
"C:/24ci0204/BreakCityByDragon/Content/FirstPersonArms/Character/Textures/Manny/T_Manny_01_Tan.uexp" 2023
"C:/24ci0204/BreakCityByDragon/Content/FirstPersonArms/Character/Textures/Manny/T_Manny_01_BN.ubulk" 2024
"C:/24ci0204/BreakCityByDragon/Content/FirstPersonArms/Character/Textures/Manny/T_Manny_01_BN.uasset" 2025
"C:/24ci0204/BreakCityByDragon/Content/FirstPersonArms/Character/Textures/Manny/T_Manny_01_BN.uexp" 2026
"C:/24ci0204/BreakCityByDragon/Content/FirstPersonArms/Character/Textures/Manny/T_Manny_01_MSR_MSK.ubulk" 2027
"C:/24ci0204/BreakCityByDragon/Content/FirstPersonArms/Character/Textures/Manny/T_Manny_01_MSR_MSK.uasset" 2028
"C:/24ci0204/BreakCityByDragon/Content/FirstPersonArms/Character/Textures/Manny/T_Manny_01_MSR_MSK.uexp" 2029
"C:/24ci0204/BreakCityByDragon/Content/FirstPersonArms/Character/Textures/Manny/T_Manny_01_N.ubulk" 2030
"C:/24ci0204/BreakCityByDragon/Content/FirstPersonArms/Character/Textures/Manny/T_Manny_01_N.uasset" 2031
"C:/24ci0204/BreakCityByDragon/Content/FirstPersonArms/Character/Textures/Manny/T_Manny_01_N.uexp" 2032
"C:/24ci0204/BreakCityByDragon/Content/FirstPersonArms/Character/Textures/Manny/T_Manny_01_D.ubulk" 2033
"C:/24ci0204/BreakCityByDragon/Content/FirstPersonArms/Character/Textures/Manny/T_Manny_01_D.uasset" 2034
"C:/24ci0204/BreakCityByDragon/Content/FirstPersonArms/Character/Textures/Manny/T_Manny_01_D.uexp" 2035
"C:/24ci0204/BreakCityByDragon/Content/FirstPersonArms/Character/Materials/Functions/ChromaticCurve.uasset" 2036
"C:/24ci0204/BreakCityByDragon/Content/FirstPersonArms/Character/Materials/Functions/ChromaticCurve.uexp" 2037
"C:/24ci0204/BreakCityByDragon/Content/FirstPersonArms/Character/Materials/Functions/CA_Mannequin.uasset" 2038
"C:/24ci0204/BreakCityByDragon/Content/FirstPersonArms/Character/Materials/Functions/CA_Mannequin.uexp" 2039
"C:/24ci0204/BreakCityByDragon/Content/FirstPersonArms/Character/Materials/Functions/MF_Diffraction.uasset" 2040
"C:/24ci0204/BreakCityByDragon/Content/FirstPersonArms/Character/Materials/Functions/MF_Diffraction.uexp" 2041
"../../../Engine/Content/Functions/Engine_MaterialFunctions01/Texturing/ScaleUVsByCenter.uasset" 2042
"../../../Engine/Content/Functions/Engine_MaterialFunctions01/Texturing/ScaleUVsByCenter.uexp" 2043
"C:/24ci0204/BreakCityByDragon/Content/FirstPersonArms/Character/Textures/Shared/T_UE_Logo_M.uasset" 2044
"C:/24ci0204/BreakCityByDragon/Content/FirstPersonArms/Character/Textures/Shared/T_UE_Logo_M.uexp" 2045
"C:/24ci0204/BreakCityByDragon/Content/FirstPersonArms/Character/Materials/Functions/MF_logo3layers.uasset" 2046
"C:/24ci0204/BreakCityByDragon/Content/FirstPersonArms/Character/Materials/Functions/MF_logo3layers.uexp" 2047
"C:/24ci0204/BreakCityByDragon/Content/FirstPersonArms/Character/Materials/Functions/ML_BaseColorFallOff.uasset" 2048
"C:/24ci0204/BreakCityByDragon/Content/FirstPersonArms/Character/Materials/Functions/ML_BaseColorFallOff.uexp" 2049
"C:/24ci0204/BreakCityByDragon/Content/FirstPersonArms/Character/Materials/M_Mannequin.uasset" 2050
"C:/24ci0204/BreakCityByDragon/Content/FirstPersonArms/Character/Materials/M_Mannequin.uexp" 2051
"C:/24ci0204/BreakCityByDragon/Content/FirstPersonArms/Character/Materials/Instances/Manny/MI_Manny_01.uasset" 2052
"C:/24ci0204/BreakCityByDragon/Content/FirstPersonArms/Character/Materials/Instances/Manny/MI_Manny_01.uexp" 2053
"C:/24ci0204/BreakCityByDragon/Content/FirstPersonArms/Character/Textures/Manny/T_Manny_02_CCRCCPlastic_MSK.ubulk" 2054
"C:/24ci0204/BreakCityByDragon/Content/FirstPersonArms/Character/Textures/Manny/T_Manny_02_CCRCCPlastic_MSK.uasset" 2055
"C:/24ci0204/BreakCityByDragon/Content/FirstPersonArms/Character/Textures/Manny/T_Manny_02_CCRCCPlastic_MSK.uexp" 2056
"C:/24ci0204/BreakCityByDragon/Content/FirstPersonArms/Character/Textures/Manny/T_Manny_02_MSR_MSK.ubulk" 2057
"C:/24ci0204/BreakCityByDragon/Content/FirstPersonArms/Character/Textures/Manny/T_Manny_02_MSR_MSK.uasset" 2058
"C:/24ci0204/BreakCityByDragon/Content/FirstPersonArms/Character/Textures/Manny/T_Manny_02_MSR_MSK.uexp" 2059
"C:/24ci0204/BreakCityByDragon/Content/FirstPersonArms/Character/Textures/Manny/T_Manny_02_D.ubulk" 2060
"C:/24ci0204/BreakCityByDragon/Content/FirstPersonArms/Character/Textures/Manny/T_Manny_02_D.uasset" 2061
"C:/24ci0204/BreakCityByDragon/Content/FirstPersonArms/Character/Textures/Manny/T_Manny_02_D.uexp" 2062
"C:/24ci0204/BreakCityByDragon/Content/FirstPersonArms/Character/Textures/Manny/T_Manny_02_Tan.ubulk" 2063
"C:/24ci0204/BreakCityByDragon/Content/FirstPersonArms/Character/Textures/Manny/T_Manny_02_Tan.uasset" 2064
"C:/24ci0204/BreakCityByDragon/Content/FirstPersonArms/Character/Textures/Manny/T_Manny_02_Tan.uexp" 2065
"C:/24ci0204/BreakCityByDragon/Content/FirstPersonArms/Character/Materials/Instances/Manny/MI_Manny_02.uasset" 2066
"C:/24ci0204/BreakCityByDragon/Content/FirstPersonArms/Character/Materials/Instances/Manny/MI_Manny_02.uexp" 2067
"C:/24ci0204/BreakCityByDragon/Content/FirstPersonArms/Character/Mesh/SK_Mannequin_Arms_PhysicsAsset.uasset" 2068
"C:/24ci0204/BreakCityByDragon/Content/FirstPersonArms/Character/Mesh/SK_Mannequin_Arms_PhysicsAsset.uexp" 2069
"C:/24ci0204/BreakCityByDragon/Content/FirstPersonArms/Character/Mesh/SK_Mannequin_Arms_Skeleton.uasset" 2070
"C:/24ci0204/BreakCityByDragon/Content/FirstPersonArms/Character/Mesh/SK_Mannequin_Arms_Skeleton.uexp" 2071
"C:/24ci0204/BreakCityByDragon/Content/FirstPersonArms/Character/Mesh/SK_Mannequin_Arms.uasset" 2072
"C:/24ci0204/BreakCityByDragon/Content/FirstPersonArms/Character/Mesh/SK_Mannequin_Arms.uexp" 2073
"C:/24ci0204/BreakCityByDragon/Content/FirstPerson/Input/Actions/IA_Move.uasset" 2074
"C:/24ci0204/BreakCityByDragon/Content/FirstPerson/Input/Actions/IA_Move.uexp" 2075
"../../../Engine/Content/Animation/DefaultAnimCurveCompressionSettings.uasset" 2076
"../../../Engine/Content/Animation/DefaultAnimCurveCompressionSettings.uexp" 2077
"../../../Engine/Content/Animation/DefaultAnimBoneCompressionSettings.uasset" 2078
"../../../Engine/Content/Animation/DefaultAnimBoneCompressionSettings.uexp" 2079
"C:/24ci0204/BreakCityByDragon/Content/FirstPersonArms/Animations/FP_Rifle_Idle.uasset" 2080
"C:/24ci0204/BreakCityByDragon/Content/FirstPersonArms/Animations/FP_Rifle_Idle.uexp" 2081
"C:/24ci0204/BreakCityByDragon/Content/FirstPersonArms/Animations/FP_Rifle_Land.uasset" 2082
"C:/24ci0204/BreakCityByDragon/Content/FirstPersonArms/Animations/FP_Rifle_Land.uexp" 2083
"C:/24ci0204/BreakCityByDragon/Content/FirstPersonArms/Animations/FP_Rifle_Run.uasset" 2084
"C:/24ci0204/BreakCityByDragon/Content/FirstPersonArms/Animations/FP_Rifle_Run.uexp" 2085
"C:/24ci0204/BreakCityByDragon/Content/FirstPersonArms/Animations/FP_Rifle_Falling.uasset" 2086
"C:/24ci0204/BreakCityByDragon/Content/FirstPersonArms/Animations/FP_Rifle_Falling.uexp" 2087
"../../../Engine/Content/Animation/DefaultRecorderBoneCompression.uasset" 2088
"../../../Engine/Content/Animation/DefaultRecorderBoneCompression.uexp" 2089
"C:/24ci0204/BreakCityByDragon/Content/FirstPersonArms/Animations/FP_Idle.uasset" 2090
"C:/24ci0204/BreakCityByDragon/Content/FirstPersonArms/Animations/FP_Idle.uexp" 2091
"C:/24ci0204/BreakCityByDragon/Content/FirstPersonArms/Animations/FP_Jump.uasset" 2092
"C:/24ci0204/BreakCityByDragon/Content/FirstPersonArms/Animations/FP_Jump.uexp" 2093
"C:/24ci0204/BreakCityByDragon/Content/FirstPersonArms/Animations/FP_Run_Fwd.uasset" 2094
"C:/24ci0204/BreakCityByDragon/Content/FirstPersonArms/Animations/FP_Run_Fwd.uexp" 2095
"C:/24ci0204/BreakCityByDragon/Content/FirstPersonArms/Animations/FP_Land.uasset" 2096
"C:/24ci0204/BreakCityByDragon/Content/FirstPersonArms/Animations/FP_Land.uexp" 2097
"C:/24ci0204/BreakCityByDragon/Content/FirstPersonArms/Animations/FP_Falling.uasset" 2098
"C:/24ci0204/BreakCityByDragon/Content/FirstPersonArms/Animations/FP_Falling.uexp" 2099
"../../../Engine/Content/Animation/DefaultVariableFrameStrippingSettings.uasset" 2100
"../../../Engine/Content/Animation/DefaultVariableFrameStrippingSettings.uexp" 2101
"C:/24ci0204/BreakCityByDragon/Content/FirstPersonArms/Animations/FP_Rifle_Jump.uasset" 2102
"C:/24ci0204/BreakCityByDragon/Content/FirstPersonArms/Animations/FP_Rifle_Jump.uexp" 2103
"C:/24ci0204/BreakCityByDragon/Content/FirstPersonArms/Animations/FirstPerson_AnimBP.uasset" 2104
"C:/24ci0204/BreakCityByDragon/Content/FirstPersonArms/Animations/FirstPerson_AnimBP.uexp" 2105
"C:/24ci0204/BreakCityByDragon/Content/FirstPerson/Input/Actions/IA_Jump.uasset" 2106
"C:/24ci0204/BreakCityByDragon/Content/FirstPerson/Input/Actions/IA_Jump.uexp" 2107
"C:/24ci0204/BreakCityByDragon/Content/FirstPerson/Blueprints/BP_FirstPersonCharacter.uasset" 2108
"C:/24ci0204/BreakCityByDragon/Content/FirstPerson/Blueprints/BP_FirstPersonCharacter.uexp" 2109
"C:/24ci0204/BreakCityByDragon/Content/MWLandscapeAutoMaterial/Maps/Source/LandscapeAutoMaterial_Example_sharedassets/RemoveFoliage_LayerInfo.uasset" 2110
"C:/24ci0204/BreakCityByDragon/Content/MWLandscapeAutoMaterial/Maps/Source/LandscapeAutoMaterial_Example_sharedassets/RemoveFoliage_LayerInfo.uexp" 2111
"C:/24ci0204/BreakCityByDragon/Content/Onishi/Level/Onishi_TitleTest.uexp" 2112
"C:/24ci0204/BreakCityByDragon/Content/Onishi/Level/Onishi_TitleTest.ubulk" 2113
"C:/24ci0204/BreakCityByDragon/Content/Onishi/Level/Onishi_TitleTest.umap" 2114
"C:/24ci0204/BreakCityByDragon/Content/Level/Han/PottaOne-Regular.uexp" 2115
"C:/24ci0204/BreakCityByDragon/Content/Level/Han/PottaOne-Regular.uasset" 2116
"C:/24ci0204/BreakCityByDragon/Content/Level/Han/PottaOne-Regular.ufont" 2117
"C:/24ci0204/BreakCityByDragon/Content/Level/Han/PottaOne-Regular_Font.uasset" 2118
"C:/24ci0204/BreakCityByDragon/Content/Level/Han/PottaOne-Regular_Font.uexp" 2119
"C:/24ci0204/BreakCityByDragon/Content/Onishi/UI/WBP_CountDown.uasset" 2120
"C:/24ci0204/BreakCityByDragon/Content/Onishi/UI/WBP_CountDown.uexp" 2121
"C:/24ci0204/BreakCityByDragon/Content/Dradon/INGameDragon_bak.uasset" 2122
"C:/24ci0204/BreakCityByDragon/Content/Dradon/INGameDragon_bak.uexp" 2123
"C:/24ci0204/BreakCityByDragon/Content/GameMode/BP_InGameMode.uasset" 2124
"C:/24ci0204/BreakCityByDragon/Content/GameMode/BP_InGameMode.uexp" 2125
"C:/24ci0204/BreakCityByDragon/Content/Onishi/MergedActor/Material/T_Manshon2_BaseColor.ubulk" 2126
"C:/24ci0204/BreakCityByDragon/Content/Onishi/MergedActor/Material/T_Manshon2_BaseColor.uasset" 2127
"C:/24ci0204/BreakCityByDragon/Content/Onishi/MergedActor/Material/T_Manshon2_BaseColor.uexp" 2128
"C:/24ci0204/BreakCityByDragon/Content/Onishi/MergedActor/Material/T_Manshon2_Normal.ubulk" 2129
"C:/24ci0204/BreakCityByDragon/Content/Onishi/MergedActor/Material/T_Manshon2_Normal.uasset" 2130
"C:/24ci0204/BreakCityByDragon/Content/Onishi/MergedActor/Material/T_Manshon2_Normal.uexp" 2131
"C:/24ci0204/BreakCityByDragon/Content/Onishi/MergedActor/Material/MI_Manshon2.uasset" 2132
"C:/24ci0204/BreakCityByDragon/Content/Onishi/MergedActor/Material/MI_Manshon2.uexp" 2133
"C:/24ci0204/BreakCityByDragon/Content/Onishi/MergedActor/Material/MA_Manshon2.uasset" 2134
"C:/24ci0204/BreakCityByDragon/Content/Onishi/MergedActor/Material/MA_Manshon2.uexp" 2135
"C:/24ci0204/BreakCityByDragon/Content/Onishi/MergedActor/SM_Manshon2.uasset" 2136
"C:/24ci0204/BreakCityByDragon/Content/Onishi/MergedActor/SM_Manshon2.uexp" 2137
"C:/24ci0204/BreakCityByDragon/Content/Onishi/Fracture/GC_Manshon2.uasset" 2138
"C:/24ci0204/BreakCityByDragon/Content/Onishi/Fracture/GC_Manshon2.uexp" 2139
"C:/24ci0204/BreakCityByDragon/Content/Onishi/BP/BP_Manshon2.uasset" 2140
"C:/24ci0204/BreakCityByDragon/Content/Onishi/BP/BP_Manshon2.uexp" 2141
"C:/24ci0204/BreakCityByDragon/Content/JapaneseApartmentBuildings/Materials/Surface/Textures/T_Ex_Asphalt_Masks.ubulk" 2142
"C:/24ci0204/BreakCityByDragon/Content/JapaneseApartmentBuildings/Materials/Surface/Textures/T_Ex_Asphalt_Masks.uasset" 2143
"C:/24ci0204/BreakCityByDragon/Content/JapaneseApartmentBuildings/Materials/Surface/Textures/T_Ex_Asphalt_Masks.uexp" 2144
"C:/24ci0204/BreakCityByDragon/Content/JapaneseApartmentBuildings/Materials/Surface/Textures/T_Ex_Asphalt_Normal.ubulk" 2145
"C:/24ci0204/BreakCityByDragon/Content/JapaneseApartmentBuildings/Materials/Surface/Textures/T_Ex_Asphalt_Normal.uasset" 2146
"C:/24ci0204/BreakCityByDragon/Content/JapaneseApartmentBuildings/Materials/Surface/Textures/T_Ex_Asphalt_Normal.uexp" 2147
"C:/24ci0204/BreakCityByDragon/Content/JapaneseApartmentBuildings/Materials/Surface/Textures/T_Ex_Asphalt_Albedo.ubulk" 2148
"C:/24ci0204/BreakCityByDragon/Content/JapaneseApartmentBuildings/Materials/Surface/Textures/T_Ex_Asphalt_Albedo.uasset" 2149
"C:/24ci0204/BreakCityByDragon/Content/JapaneseApartmentBuildings/Materials/Surface/Textures/T_Ex_Asphalt_Albedo.uexp" 2150
"../../../Engine/Content/EditorLandscapeResources/DefaultAlphaTexture.uasset" 2151
"../../../Engine/Content/EditorLandscapeResources/DefaultAlphaTexture.uexp" 2152
"../../../Engine/Content/EngineMaterials/T_DefaultTexture2_D.ubulk" 2153
"../../../Engine/Content/EngineMaterials/T_DefaultTexture2_D.uasset" 2154
"../../../Engine/Content/EngineMaterials/T_DefaultTexture2_D.uexp" 2155
"../../../Engine/Content/EngineResources/AICON-Green_Low.uasset" 2156
"../../../Engine/Content/EngineResources/AICON-Green_Low.uexp" 2157
"C:/24ci0204/BreakCityByDragon/Content/JapaneseApartmentBuildings/Materials/M_MasterSurface.uasset" 2158
"C:/24ci0204/BreakCityByDragon/Content/JapaneseApartmentBuildings/Materials/M_MasterSurface.uexp" 2159
"C:/24ci0204/BreakCityByDragon/Content/JapaneseApartmentBuildings/Materials/Surface/MI_Asphalt_01.uasset" 2160
"C:/24ci0204/BreakCityByDragon/Content/JapaneseApartmentBuildings/Materials/Surface/MI_Asphalt_01.uexp" 2161
"C:/24ci0204/BreakCityByDragon/Content/JapaneseApartmentBuildings/Materials/Surface/Textures/T_Ex_ConcretePanels_Tense_Normal.ubulk" 2162
"C:/24ci0204/BreakCityByDragon/Content/JapaneseApartmentBuildings/Materials/Surface/Textures/T_Ex_ConcretePanels_Tense_Normal.uasset" 2163
"C:/24ci0204/BreakCityByDragon/Content/JapaneseApartmentBuildings/Materials/Surface/Textures/T_Ex_ConcretePanels_Tense_Normal.uexp" 2164
"C:/24ci0204/BreakCityByDragon/Content/JapaneseApartmentBuildings/Materials/Surface/Textures/T_Ex_ConcretePanels_Tense_Masks.ubulk" 2165
"C:/24ci0204/BreakCityByDragon/Content/JapaneseApartmentBuildings/Materials/Surface/Textures/T_Ex_ConcretePanels_Tense_Masks.uasset" 2166
"C:/24ci0204/BreakCityByDragon/Content/JapaneseApartmentBuildings/Materials/Surface/Textures/T_Ex_ConcretePanels_Tense_Masks.uexp" 2167
"C:/24ci0204/BreakCityByDragon/Content/JapaneseApartmentBuildings/Materials/Surface/Textures/T_Ex_ConcretePanels_Tense_Albedo.ubulk" 2168
"C:/24ci0204/BreakCityByDragon/Content/JapaneseApartmentBuildings/Materials/Surface/Textures/T_Ex_ConcretePanels_Tense_Albedo.uasset" 2169
"C:/24ci0204/BreakCityByDragon/Content/JapaneseApartmentBuildings/Materials/Surface/Textures/T_Ex_ConcretePanels_Tense_Albedo.uexp" 2170
"C:/24ci0204/BreakCityByDragon/Content/JapaneseApartmentBuildings/Materials/Surface/MI_ConcretePanels_Dense.uasset" 2171
"C:/24ci0204/BreakCityByDragon/Content/JapaneseApartmentBuildings/Materials/Surface/MI_ConcretePanels_Dense.uexp" 2172
"C:/24ci0204/BreakCityByDragon/Content/JapaneseApartmentBuildings/Assets/Roads/SM_Road_Junction_T_01.ubulk" 2173
"C:/24ci0204/BreakCityByDragon/Content/JapaneseApartmentBuildings/Assets/Roads/SM_Road_Junction_T_01.uasset" 2174
"C:/24ci0204/BreakCityByDragon/Content/JapaneseApartmentBuildings/Assets/Roads/SM_Road_Junction_T_01.uexp" 2175
"C:/24ci0204/BreakCityByDragon/Content/JapaneseApartmentBuildings/Assets/Roads/SM_Road_Junction_Corner_01.ubulk" 2176
"C:/24ci0204/BreakCityByDragon/Content/JapaneseApartmentBuildings/Assets/Roads/SM_Road_Junction_Corner_01.uasset" 2177
"C:/24ci0204/BreakCityByDragon/Content/JapaneseApartmentBuildings/Assets/Roads/SM_Road_Junction_Corner_01.uexp" 2178
"C:/24ci0204/BreakCityByDragon/Content/JapaneseApartmentBuildings/Assets/Roads/SM_Road_Straight_400.ubulk" 2179
"C:/24ci0204/BreakCityByDragon/Content/JapaneseApartmentBuildings/Assets/Roads/SM_Road_Straight_400.uasset" 2180
"C:/24ci0204/BreakCityByDragon/Content/JapaneseApartmentBuildings/Assets/Roads/SM_Road_Straight_400.uexp" 2181
"C:/24ci0204/BreakCityByDragon/Content/JapaneseApartmentBuildings/Assets/Roads/SM_Road_Junction_Cross_01.ubulk" 2182
"C:/24ci0204/BreakCityByDragon/Content/JapaneseApartmentBuildings/Assets/Roads/SM_Road_Junction_Cross_01.uasset" 2183
"C:/24ci0204/BreakCityByDragon/Content/JapaneseApartmentBuildings/Assets/Roads/SM_Road_Junction_Cross_01.uexp" 2184
"C:/24ci0204/BreakCityByDragon/Content/Onishi/Level/Onishi_Map_sharedassets/Road_LayerInfo.uasset" 2185
"C:/24ci0204/BreakCityByDragon/Content/Onishi/Level/Onishi_Map_sharedassets/Road_LayerInfo.uexp" 2186
"C:/24ci0204/BreakCityByDragon/Content/Onishi/Level/Onishi_Map_BuiltData.ubulk" 2187
"C:/24ci0204/BreakCityByDragon/Content/Onishi/Level/Onishi_Map_BuiltData.uasset" 2188
"C:/24ci0204/BreakCityByDragon/Content/Onishi/Level/Onishi_Map_BuiltData.uexp" 2189
"C:/24ci0204/BreakCityByDragon/Content/JPResidentials/Textures/T_ApartmentPlanter02_ORM.ubulk" 2190
"C:/24ci0204/BreakCityByDragon/Content/JPResidentials/Textures/T_ApartmentPlanter02_ORM.uasset" 2191
"C:/24ci0204/BreakCityByDragon/Content/JPResidentials/Textures/T_ApartmentPlanter02_ORM.uexp" 2192
"C:/24ci0204/BreakCityByDragon/Content/JPResidentials/Textures/T_ApartmentPlanter02_A.ubulk" 2193
"C:/24ci0204/BreakCityByDragon/Content/JPResidentials/Textures/T_ApartmentPlanter02_A.uasset" 2194
"C:/24ci0204/BreakCityByDragon/Content/JPResidentials/Textures/T_ApartmentPlanter02_A.uexp" 2195
"C:/24ci0204/BreakCityByDragon/Content/JPResidentials/Textures/T_ApartmentPlanter02_N.ubulk" 2196
"C:/24ci0204/BreakCityByDragon/Content/JPResidentials/Textures/T_ApartmentPlanter02_N.uasset" 2197
"C:/24ci0204/BreakCityByDragon/Content/JPResidentials/Textures/T_ApartmentPlanter02_N.uexp" 2198
"C:/24ci0204/BreakCityByDragon/Content/JPResidentials/Materials/M_Planter02.uasset" 2199
"C:/24ci0204/BreakCityByDragon/Content/JPResidentials/Materials/M_Planter02.uexp" 2200
"C:/24ci0204/BreakCityByDragon/Content/JPResidentials/Meshes/SM_RaisedBed0102.ubulk" 2201
"C:/24ci0204/BreakCityByDragon/Content/JPResidentials/Meshes/SM_RaisedBed0102.uasset" 2202
"C:/24ci0204/BreakCityByDragon/Content/JPResidentials/Meshes/SM_RaisedBed0102.uexp" 2203
"C:/24ci0204/BreakCityByDragon/Content/JPResidentials/Textures/T_Soil01_N.ubulk" 2204
"C:/24ci0204/BreakCityByDragon/Content/JPResidentials/Textures/T_Soil01_N.uasset" 2205
"C:/24ci0204/BreakCityByDragon/Content/JPResidentials/Textures/T_Soil01_N.uexp" 2206
"C:/24ci0204/BreakCityByDragon/Content/JPResidentials/Textures/T_Soil01_A.ubulk" 2207
"C:/24ci0204/BreakCityByDragon/Content/JPResidentials/Textures/T_Soil01_A.uasset" 2208
"C:/24ci0204/BreakCityByDragon/Content/JPResidentials/Textures/T_Soil01_A.uexp" 2209
"C:/24ci0204/BreakCityByDragon/Content/JPResidentials/Textures/T_Soil01_ORM.ubulk" 2210
"C:/24ci0204/BreakCityByDragon/Content/JPResidentials/Textures/T_Soil01_ORM.uasset" 2211
"C:/24ci0204/BreakCityByDragon/Content/JPResidentials/Textures/T_Soil01_ORM.uexp" 2212
"C:/24ci0204/BreakCityByDragon/Content/JPResidentials/Materials/M_Ground03.uasset" 2213
"C:/24ci0204/BreakCityByDragon/Content/JPResidentials/Materials/M_Ground03.uexp" 2214
"C:/24ci0204/BreakCityByDragon/Content/JPResidentials/Meshes/SM_RaisedBed0112.ubulk" 2215
"C:/24ci0204/BreakCityByDragon/Content/JPResidentials/Meshes/SM_RaisedBed0112.uasset" 2216
"C:/24ci0204/BreakCityByDragon/Content/JPResidentials/Meshes/SM_RaisedBed0112.uexp" 2217
"C:/24ci0204/BreakCityByDragon/Content/JPResidentials/Blueprints/BP_RaisedBed03.uasset" 2218
"C:/24ci0204/BreakCityByDragon/Content/JPResidentials/Blueprints/BP_RaisedBed03.uexp" 2219
"C:/24ci0204/BreakCityByDragon/Content/Onishi/Sound/BGM1_ikari_no_tettui.ubulk" 2220
"C:/24ci0204/BreakCityByDragon/Content/Onishi/Sound/BGM1_ikari_no_tettui.uasset" 2221
"C:/24ci0204/BreakCityByDragon/Content/Onishi/Sound/BGM1_ikari_no_tettui.uexp" 2222
"C:/24ci0204/BreakCityByDragon/Content/Onishi/Sound/A_BGM_Queue.uasset" 2223
"C:/24ci0204/BreakCityByDragon/Content/Onishi/Sound/A_BGM_Queue.uexp" 2224
"C:/24ci0204/BreakCityByDragon/Content/Onishi/MergedActor/Material/T_Manshon5_BaseColor.ubulk" 2225
"C:/24ci0204/BreakCityByDragon/Content/Onishi/MergedActor/Material/T_Manshon5_BaseColor.uasset" 2226
"C:/24ci0204/BreakCityByDragon/Content/Onishi/MergedActor/Material/T_Manshon5_BaseColor.uexp" 2227
"C:/24ci0204/BreakCityByDragon/Content/Onishi/MergedActor/Material/T_Manshon5_Normal.ubulk" 2228
"C:/24ci0204/BreakCityByDragon/Content/Onishi/MergedActor/Material/T_Manshon5_Normal.uasset" 2229
"C:/24ci0204/BreakCityByDragon/Content/Onishi/MergedActor/Material/T_Manshon5_Normal.uexp" 2230
"C:/24ci0204/BreakCityByDragon/Content/Onishi/MergedActor/Material/MI_Manshon5.uasset" 2231
"C:/24ci0204/BreakCityByDragon/Content/Onishi/MergedActor/Material/MI_Manshon5.uexp" 2232
"C:/24ci0204/BreakCityByDragon/Content/Onishi/MergedActor/SM_Manshon5.uasset" 2233
"C:/24ci0204/BreakCityByDragon/Content/Onishi/MergedActor/SM_Manshon5.uexp" 2234
"C:/24ci0204/BreakCityByDragon/Content/Onishi/MergedActor/Material/MA_Manshon5.uasset" 2235
"C:/24ci0204/BreakCityByDragon/Content/Onishi/MergedActor/Material/MA_Manshon5.uexp" 2236
"C:/24ci0204/BreakCityByDragon/Content/Onishi/Fracture/GC_Manshon5.uasset" 2237
"C:/24ci0204/BreakCityByDragon/Content/Onishi/Fracture/GC_Manshon5.uexp" 2238
"C:/24ci0204/BreakCityByDragon/Content/Onishi/BP/BP_Manshon5.uasset" 2239
"C:/24ci0204/BreakCityByDragon/Content/Onishi/BP/BP_Manshon5.uexp" 2240
"C:/24ci0204/BreakCityByDragon/Content/Stylized_PBR_Nature/Foliage/Materials/M_Foliage_Master_Fire.uasset" 2241
"C:/24ci0204/BreakCityByDragon/Content/Stylized_PBR_Nature/Foliage/Materials/M_Foliage_Master_Fire.uexp" 2242
"C:/24ci0204/BreakCityByDragon/Content/Onishi/BP/BP_Tree1.uasset" 2243
"C:/24ci0204/BreakCityByDragon/Content/Onishi/BP/BP_Tree1.uexp" 2244
"C:/24ci0204/BreakCityByDragon/Content/Onishi/MergedActor/Material/T_Manshon1_Normal.ubulk" 2245
"C:/24ci0204/BreakCityByDragon/Content/Onishi/MergedActor/Material/T_Manshon1_Normal.uasset" 2246
"C:/24ci0204/BreakCityByDragon/Content/Onishi/MergedActor/Material/T_Manshon1_Normal.uexp" 2247
"C:/24ci0204/BreakCityByDragon/Content/Onishi/MergedActor/Material/T_Manshon1_BaseColor.ubulk" 2248
"C:/24ci0204/BreakCityByDragon/Content/Onishi/MergedActor/Material/T_Manshon1_BaseColor.uasset" 2249
"C:/24ci0204/BreakCityByDragon/Content/Onishi/MergedActor/Material/T_Manshon1_BaseColor.uexp" 2250
"C:/24ci0204/BreakCityByDragon/Content/Onishi/MergedActor/Material/MI_Manshon1.uasset" 2251
"C:/24ci0204/BreakCityByDragon/Content/Onishi/MergedActor/Material/MI_Manshon1.uexp" 2252
"C:/24ci0204/BreakCityByDragon/Content/Onishi/MergedActor/Material/MA_Manshon1.uasset" 2253
"C:/24ci0204/BreakCityByDragon/Content/Onishi/MergedActor/Material/MA_Manshon1.uexp" 2254
"C:/24ci0204/BreakCityByDragon/Content/Onishi/MergedActor/SM_Manshon1.uasset" 2255
"C:/24ci0204/BreakCityByDragon/Content/Onishi/MergedActor/SM_Manshon1.uexp" 2256
"C:/24ci0204/BreakCityByDragon/Content/Onishi/Fracture/GC_Manshon1.uasset" 2257
"C:/24ci0204/BreakCityByDragon/Content/Onishi/Fracture/GC_Manshon1.uexp" 2258
"C:/24ci0204/BreakCityByDragon/Content/Onishi/BP/BP_Manshon1.uasset" 2259
"C:/24ci0204/BreakCityByDragon/Content/Onishi/BP/BP_Manshon1.uexp" 2260
"C:/24ci0204/BreakCityByDragon/Content/StarterContent/Textures/T_Ground_Gravel_N.ubulk" 2261
"C:/24ci0204/BreakCityByDragon/Content/StarterContent/Textures/T_Ground_Gravel_N.uasset" 2262
"C:/24ci0204/BreakCityByDragon/Content/StarterContent/Textures/T_Ground_Gravel_N.uexp" 2263
"C:/24ci0204/BreakCityByDragon/Content/StarterContent/Textures/T_Rock_Slate_D.ubulk" 2264
"C:/24ci0204/BreakCityByDragon/Content/StarterContent/Textures/T_Rock_Slate_D.uasset" 2265
"C:/24ci0204/BreakCityByDragon/Content/StarterContent/Textures/T_Rock_Slate_D.uexp" 2266
"C:/24ci0204/BreakCityByDragon/Content/StarterContent/Textures/T_Ground_Grass_D.ubulk" 2267
"C:/24ci0204/BreakCityByDragon/Content/StarterContent/Textures/T_Ground_Grass_D.uasset" 2268
"C:/24ci0204/BreakCityByDragon/Content/StarterContent/Textures/T_Ground_Grass_D.uexp" 2269
"C:/24ci0204/BreakCityByDragon/Content/StarterContent/Textures/T_Rock_Slate_N.ubulk" 2270
"C:/24ci0204/BreakCityByDragon/Content/StarterContent/Textures/T_Rock_Slate_N.uasset" 2271
"C:/24ci0204/BreakCityByDragon/Content/StarterContent/Textures/T_Rock_Slate_N.uexp" 2272
"C:/24ci0204/BreakCityByDragon/Content/StarterContent/Textures/T_Ground_Gravel_D.ubulk" 2273
"C:/24ci0204/BreakCityByDragon/Content/StarterContent/Textures/T_Ground_Gravel_D.uasset" 2274
"C:/24ci0204/BreakCityByDragon/Content/StarterContent/Textures/T_Ground_Gravel_D.uexp" 2275
"C:/24ci0204/BreakCityByDragon/Content/StarterContent/Textures/T_Ground_Grass_N.ubulk" 2276
"C:/24ci0204/BreakCityByDragon/Content/StarterContent/Textures/T_Ground_Grass_N.uasset" 2277
"C:/24ci0204/BreakCityByDragon/Content/StarterContent/Textures/T_Ground_Grass_N.uexp" 2278
"C:/24ci0204/BreakCityByDragon/Content/StarterContent/Textures/T_Concrete_Tiles_D.ubulk" 2279
"C:/24ci0204/BreakCityByDragon/Content/StarterContent/Textures/T_Concrete_Tiles_D.uasset" 2280
"C:/24ci0204/BreakCityByDragon/Content/StarterContent/Textures/T_Concrete_Tiles_D.uexp" 2281
"C:/24ci0204/BreakCityByDragon/Content/StarterContent/Textures/T_Concrete_Tiles_N.ubulk" 2282
"C:/24ci0204/BreakCityByDragon/Content/StarterContent/Textures/T_Concrete_Tiles_N.uasset" 2283
"C:/24ci0204/BreakCityByDragon/Content/StarterContent/Textures/T_Concrete_Tiles_N.uexp" 2284
"C:/24ci0204/BreakCityByDragon/Content/Onishi/M_Mountain.uasset" 2285
"C:/24ci0204/BreakCityByDragon/Content/Onishi/M_Mountain.uexp" 2286
"C:/24ci0204/BreakCityByDragon/Content/Stylized_PBR_Nature/Foliage/Textures/T_Common_Tree_04_ORM.ubulk" 2287
"C:/24ci0204/BreakCityByDragon/Content/Stylized_PBR_Nature/Foliage/Textures/T_Common_Tree_04_ORM.uasset" 2288
"C:/24ci0204/BreakCityByDragon/Content/Stylized_PBR_Nature/Foliage/Textures/T_Common_Tree_04_ORM.uexp" 2289
"C:/24ci0204/BreakCityByDragon/Content/Stylized_PBR_Nature/Foliage/Textures/T_Common_Tree_04_N.ubulk" 2290
"C:/24ci0204/BreakCityByDragon/Content/Stylized_PBR_Nature/Foliage/Textures/T_Common_Tree_04_N.uasset" 2291
"C:/24ci0204/BreakCityByDragon/Content/Stylized_PBR_Nature/Foliage/Textures/T_Common_Tree_04_N.uexp" 2292
"C:/24ci0204/BreakCityByDragon/Content/Stylized_PBR_Nature/Foliage/Textures/T_Common_Tree_04_D.ubulk" 2293
"C:/24ci0204/BreakCityByDragon/Content/Stylized_PBR_Nature/Foliage/Textures/T_Common_Tree_04_D.uasset" 2294
"C:/24ci0204/BreakCityByDragon/Content/Stylized_PBR_Nature/Foliage/Textures/T_Common_Tree_04_D.uexp" 2295
"C:/24ci0204/BreakCityByDragon/Content/Stylized_PBR_Nature/Foliage/Materials/MI_Common_Tree_04.uasset" 2296
"C:/24ci0204/BreakCityByDragon/Content/Stylized_PBR_Nature/Foliage/Materials/MI_Common_Tree_04.uexp" 2297
"C:/24ci0204/BreakCityByDragon/Content/Stylized_PBR_Nature/Foliage/Assets/SM_Common_Tree_04.ubulk" 2298
"C:/24ci0204/BreakCityByDragon/Content/Stylized_PBR_Nature/Foliage/Assets/SM_Common_Tree_04.uasset" 2299
"C:/24ci0204/BreakCityByDragon/Content/Stylized_PBR_Nature/Foliage/Assets/SM_Common_Tree_04.uexp" 2300
"C:/24ci0204/BreakCityByDragon/Content/Onishi/BP/BP_Tree2.uasset" 2301
"C:/24ci0204/BreakCityByDragon/Content/Onishi/BP/BP_Tree2.uexp" 2302
"C:/24ci0204/BreakCityByDragon/Content/Onishi/MergedActor/Material/T_Planter_BaseColor.ubulk" 2303
"C:/24ci0204/BreakCityByDragon/Content/Onishi/MergedActor/Material/T_Planter_BaseColor.uasset" 2304
"C:/24ci0204/BreakCityByDragon/Content/Onishi/MergedActor/Material/T_Planter_BaseColor.uexp" 2305
"C:/24ci0204/BreakCityByDragon/Content/Onishi/MergedActor/Material/T_Planter_Normal.ubulk" 2306
"C:/24ci0204/BreakCityByDragon/Content/Onishi/MergedActor/Material/T_Planter_Normal.uasset" 2307
"C:/24ci0204/BreakCityByDragon/Content/Onishi/MergedActor/Material/T_Planter_Normal.uexp" 2308
"C:/24ci0204/BreakCityByDragon/Content/Onishi/MergedActor/Material/MI_Planter.uasset" 2309
"C:/24ci0204/BreakCityByDragon/Content/Onishi/MergedActor/Material/MI_Planter.uexp" 2310
"C:/24ci0204/BreakCityByDragon/Content/Onishi/MergedActor/SM_Planter.uasset" 2311
"C:/24ci0204/BreakCityByDragon/Content/Onishi/MergedActor/SM_Planter.uexp" 2312
"C:/24ci0204/BreakCityByDragon/Content/Onishi/BP/BP_Bush.uasset" 2313
"C:/24ci0204/BreakCityByDragon/Content/Onishi/BP/BP_Bush.uexp" 2314
"C:/24ci0204/BreakCityByDragon/Content/Onishi/Level/Onishi_Map.uexp" 2315
"C:/24ci0204/BreakCityByDragon/Content/Onishi/Level/Onishi_Map.ubulk" 2316
"C:/24ci0204/BreakCityByDragon/Content/Onishi/Level/Onishi_Map.umap" 2317
